employee_id,fullname,rating,years_of_service_months,job_level,SEA,CEX,QDD,iq,Papi_G,Papi_T,position_id,division_id,department_id,directorate_id,grade_id,company_id,education_id,major_id,area_id
EMP100000,Rendra Pratama,3.0,64,Senior,2.0,3.0,3.0,94.0,5.0,3.0,1,3,6,3,2,1,3,1,4
EMP100001,Wulan Setiawan,3.0,16,Junior,3.0,2.0,2.0,94.0,2.0,6.0,4,5,5,3,1,4,1,2,4
EMP100002,Julia Jatmiko Situmorang,4.0,58,Middle,3.0,5.0,5.0,109.0,2.0,9.0,5,1,1,3,1,1,3,1,3
EMP100003,Oka Halim,3.0,15,Junior,3.0,3.0,3.0,85.0,3.0,1.0,4,1,2,1,2,1,2,5,3
EMP100004,Dwi Pratama,4.0,34,Middle,3.0,4.0,3.0,134.0,8.0,9.0,6,3,5,3,1,3,1,5,4
EMP100005,Bayu Zulfikar,3.0,66,Senior,2.0,3.0,3.0,130.0,3.0,1.0,5,3,2,1,1,1,3,1,1
EMP100006,Indra Santoso,4.0,82,Senior,4.0,3.0,4.0,139.0,9.0,8.0,3,1,2,2,1,1,1,4,3
EMP100007,Rani Mahendra,2.0,56,Middle,1.0,2.0,3.0,99.0,1.0,3.0,4,2,3,2,3,4,2,1,3
EMP100008,Gita Permadi,3.0,40,Middle,3.0,3.0,2.0,137.0,6.0,5.0,3,5,1,1,1,2,4,1,4
EMP100010,Maya Jatmiko Handayani,5.0,29,Middle,5.0,5.0,5.0,84.0,6.0,5.0,4,2,3,2,3,2,1,4,3
EMP100011,Fajar Halim,5.0,51,Middle,5.0,3.0,3.0,125.0,9.0,5.0,3,2,5,3,3,4,2,1,1
EMP100012,Rendra Tri Purnama,5.0,3,Junior,4.0,2.0,4.0,108.0,1.0,1.0,2,2,3,1,2,1,4,6,2
EMP100013,Maya Mahendra,2.0,3,Junior,3.0,2.0,2.0,124.0,5.0,9.0,6,1,2,2,3,4,1,4,4
EMP100014,Wahyu Indrawan,3.0,65,Senior,3.0,3.0,3.0,92.0,4.0,2.0,6,3,1,1,2,3,4,2,3
EMP100016,Dinda Pramudita Ginting,2.0,39,Middle,1.0,3.0,3.0,97.0,3.0,2.0,6,5,6,2,2,1,1,3,4
EMP100017,Fajar Mahendra,4.0,95,Senior,4.0,4.0,4.0,107.0,7.0,1.0,4,1,3,2,3,2,2,2,1
EMP100018,Arif Ginting,2.0,53,Middle,2.0,3.0,2.0,109.0,6.0,9.0,5,5,3,3,2,4,1,6,3
EMP100019,Rizki Iqbal Gunawan,3.0,27,Middle,3.0,3.0,3.0,125.0,9.0,3.0,4,1,2,2,1,3,3,6,4
EMP100020,Yoga Erlangga Hartanto,4.0,31,Middle,5.0,4.0,4.0,132.0,9.0,1.0,1,4,6,1,2,1,4,5,3
EMP100022,Oka Nugroho,4.0,53,Middle,4.0,3.0,4.0,91.0,3.0,1.0,2,1,3,2,2,2,3,3,1
EMP100023,Adit Kurniawan,3.0,49,Middle,3.0,4.0,3.0,139.0,5.0,2.0,3,1,2,2,2,4,4,1,2
EMP100024,Rendra Candra Maulida,5.0,44,Middle,4.0,5.0,5.0,134.0,6.0,9.0,5,2,3,2,2,2,3,4,1
EMP100026,Wulan Yudhistira Tamba,5.0,65,Senior,5.0,5.0,4.0,107.0,4.0,3.0,4,5,2,2,2,4,4,3,1
EMP100027,Oka Rohman,1.0,132,Senior,1.0,1.0,1.0,97.0,6.0,6.0,2,5,1,1,3,3,3,2,3
EMP100028,Nadia Saputra,3.0,22,Middle,3.0,3.0,3.0,107.0,5.0,4.0,3,4,3,1,2,3,4,5,1
EMP100030,Rizky Anugrah Permadi,3.0,56,Middle,3.0,3.0,4.0,110.0,2.0,3.0,5,4,3,2,3,3,3,4,1
EMP100031,Julia Nabila Kurniawan,2.0,34,Middle,2.0,2.0,2.0,103.0,2.0,1.0,3,4,2,3,2,4,4,2,4
EMP100032,Galih Mahardika Purnama,3.0,34,Middle,3.0,3.0,2.0,109.0,3.0,1.0,3,3,6,3,1,2,4,2,1
EMP100033,Ahmad Simanjuntak,2.0,37,Middle,2.0,3.0,1.0,117.0,1.0,1.0,5,1,3,3,2,2,4,3,2
EMP100035,Oka Tamba,2.0,57,Middle,3.0,3.0,2.0,103.0,9.0,3.0,1,4,5,3,3,3,2,4,4
EMP100036,Ayunda Utama Lestari,3.0,54,Middle,2.0,2.0,3.0,120.0,2.0,6.0,1,4,6,3,3,2,2,3,1
EMP100037,Nabila Ramadhan,4.0,52,Middle,5.0,5.0,4.0,109.0,5.0,8.0,6,2,4,1,2,1,2,6,1
EMP100039,Budi Adi Permadi,5.0,65,Senior,5.0,5.0,5.0,125.0,9.0,2.0,4,2,3,2,1,2,3,4,2
EMP100040,Rifqi Putra,2.0,81,Senior,2.0,2.0,1.0,112.0,3.0,5.0,4,2,2,3,2,3,4,2,1
EMP100041,Lestari Maulana,5.0,99,Senior,4.0,5.0,3.0,86.0,3.0,4.0,3,2,6,1,1,4,2,4,2
EMP100042,Oka Lukman,4.0,28,Middle,4.0,4.0,4.0,139.0,7.0,4.0,6,4,2,2,1,3,4,3,3
EMP100043,Nugroho Indrawan,4.0,40,Middle,4.0,4.0,5.0,109.0,6.0,5.0,3,2,4,2,1,2,1,3,2
EMP100044,Indra Maulida,4.0,8,Junior,4.0,4.0,4.0,82.0,7.0,4.0,5,1,3,2,1,4,2,6,4
EMP100045,Dimas Mahendra,3.0,38,Middle,3.0,3.0,4.0,111.0,6.0,8.0,2,4,3,1,3,2,1,5,3
EMP100046,Fitri Lestari,2.0,64,Senior,3.0,2.0,2.0,109.0,8.0,8.0,1,3,4,1,2,3,2,6,4
EMP100047,Hadi Pradana,1.0,58,Middle,1.0,1.0,1.0,110.0,3.0,6.0,2,5,2,1,1,3,3,5,2
EMP100048,Adit Halim,3.0,50,Middle,4.0,3.0,3.0,125.0,9.0,5.0,4,4,5,3,1,3,4,6,4
EMP100049,Rizki Halim Siregar,4.0,35,Middle,5.0,5.0,4.0,133.0,5.0,3.0,5,1,1,1,3,1,4,6,4
EMP100050,Joko Ridwan,5.0,69,Senior,5.0,5.0,5.0,131.0,2.0,3.0,4,5,3,3,1,4,2,2,3
EMP100051,Ari Mahardika Nugroho,2.0,98,Senior,1.0,1.0,2.0,110.0,1.0,5.0,5,4,1,3,1,4,3,5,4
EMP100052,Sari Yudhistira Mahendra,5.0,23,Middle,4.0,5.0,5.0,126.0,6.0,3.0,4,1,2,2,3,1,3,3,4
EMP100053,Anisa Pamungkas,4.0,52,Middle,5.0,4.0,3.0,140.0,5.0,6.0,1,3,3,1,3,1,3,5,3
EMP100054,Nugroho Maulida,5.0,22,Middle,5.0,5.0,3.0,88.0,4.0,2.0,4,5,3,1,1,2,2,3,4
EMP100055,Putri Nugroho,4.0,42,Middle,3.0,5.0,4.0,124.0,3.0,6.0,6,4,1,1,2,1,4,5,2
EMP100056,Ayunda Ramadhan,3.0,96,Senior,3.0,3.0,4.0,109.0,2.0,2.0,1,3,4,2,1,4,3,3,4
EMP100057,Nurlita Kusuma,3.0,60,Senior,4.0,3.0,3.0,123.0,8.0,2.0,6,4,2,3,3,3,1,4,2
EMP100058,Adit Anugrah Halim,4.0,66,Senior,1.0,1.0,1.0,109.0,5.0,5.0,2,1,4,2,3,3,2,4,3
EMP100059,Fajar Dharma Subekti,5.0,75,Senior,5.0,3.0,5.0,92.0,1.0,5.0,3,4,2,1,3,2,4,6,3
EMP100060,Wulan Maulida,5.0,44,Middle,3.0,3.0,3.0,109.0,1.0,8.0,3,1,4,3,2,1,2,2,4
EMP100061,Oktavia Anugrah Setiawan,3.0,46,Middle,3.0,3.0,3.0,109.0,5.0,8.0,6,1,4,1,3,4,1,5,3
EMP100062,Valdo Jatmiko Mahendra,3.0,40,Middle,3.0,3.0,4.0,89.0,3.0,9.0,4,3,6,2,2,3,3,2,3
EMP100063,Ayu Lestari Pradana,3.0,42,Middle,3.0,2.0,4.0,109.0,3.0,2.0,1,2,4,1,1,2,3,5,1
EMP100064,Kurnia Purnama,2.0,38,Middle,2.0,2.0,2.0,96.0,1.0,5.0,6,4,5,3,3,1,1,6,2
EMP100065,Rani Saputra,4.0,24,Middle,4.0,5.0,3.0,90.0,5.0,8.0,1,4,1,2,2,1,1,4,4
EMP100066,Tania Lestari Setiawan,3.0,65,Senior,3.0,3.0,3.0,84.0,5.0,8.0,3,2,1,1,1,1,1,1,4
EMP100067,Indra Zulfikar,3.0,89,Senior,3.0,3.0,3.0,101.0,5.0,3.0,3,2,1,1,3,1,1,1,3
EMP100068,Nabila Qolbi Suharto,1.0,68,Senior,2.0,1.0,3.0,109.0,2.0,4.0,3,5,2,2,1,4,4,1,1
EMP100071,Rafa Situmorang,3.0,72,Senior,3.0,2.0,4.0,107.0,2.0,9.0,4,4,3,3,1,2,2,4,3
EMP100072,Nugroho Hartanto,2.0,45,Middle,3.0,2.0,2.0,87.0,5.0,6.0,3,3,5,1,1,2,3,6,1
EMP100073,Dimas Halim Ananda,2.0,85,Senior,1.0,2.0,2.0,104.0,5.0,9.0,3,5,3,1,3,2,3,1,3
EMP100074,Ari Utama Putra,3.0,32,Middle,3.0,3.0,4.0,131.0,6.0,1.0,2,3,1,2,3,4,1,3,1
EMP100075,Rizki Halim Zulfikar,5.0,24,Middle,4.0,5.0,5.0,109.0,8.0,2.0,5,5,4,3,1,3,4,4,1
EMP100076,Rizki Wijaya,4.0,4,Junior,4.0,4.0,4.0,80.0,6.0,9.0,6,4,5,2,1,1,3,1,3
EMP100077,Novi Setiawan,2.0,35,Middle,3.0,3.0,2.0,135.0,6.0,7.0,3,1,3,3,1,3,3,5,4
EMP100078,Indra Anggara,3.0,39,Middle,3.0,3.0,2.0,84.0,6.0,1.0,6,1,3,3,3,1,4,1,1
EMP100079,Novi Hasibuan,3.0,67,Senior,3.0,3.0,4.0,122.0,2.0,9.0,3,4,3,1,1,4,1,5,4
EMP100080,Andi Mahardika Handayani,3.0,43,Middle,3.0,3.0,3.0,87.0,6.0,4.0,2,3,3,3,2,2,4,2,1
EMP100081,Ari Yulianto,4.0,85,Senior,4.0,5.0,4.0,138.0,6.0,6.0,6,3,1,3,3,1,3,3,4
EMP100082,Budi Dharma Lukman,4.0,63,Senior,5.0,3.0,3.0,133.0,2.0,3.0,1,2,3,3,3,3,4,1,4
EMP100084,Dian Rachman Handayani,4.0,16,Junior,4.0,5.0,4.0,118.0,3.0,5.0,6,1,2,3,2,1,1,2,3
EMP100085,Ahmad Rohman,4.0,22,Middle,4.0,4.0,4.0,109.0,4.0,4.0,2,4,3,2,3,2,2,1,4
EMP100086,Rani Syahputra,4.0,23,Middle,4.0,4.0,4.0,110.0,7.0,3.0,4,5,6,1,3,3,3,3,3
EMP100087,Rizka Ananda,1.0,12,Junior,1.0,1.0,1.0,109.0,8.0,5.0,1,2,6,2,3,2,3,3,1
EMP100088,Nadia Saputra Mahendra,2.0,38,Middle,1.0,3.0,2.0,83.0,5.0,3.0,3,4,2,1,1,2,3,6,4
EMP100090,Maya Pratomo,4.0,27,Middle,5.0,3.0,5.0,109.0,7.0,3.0,6,4,5,2,2,2,2,5,4
EMP100091,Oka Candra Firmansyah,4.0,10,Junior,3.0,4.0,3.0,102.0,1.0,3.0,3,1,3,1,2,4,3,1,1
EMP100092,Ahmad Indrawan,3.0,68,Senior,3.0,3.0,4.0,109.0,5.0,5.0,2,1,4,3,3,2,2,2,1
EMP100093,Nadia Lestari Utami,2.0,57,Middle,2.0,1.0,2.0,93.0,3.0,8.0,2,3,5,3,2,1,2,6,1
EMP100094,Nadia Utama Yulianto,4.0,33,Middle,4.0,4.0,4.0,95.0,8.0,6.0,1,3,3,3,1,4,2,4,1
EMP100095,Fitri Pamungkas,3.0,41,Middle,4.0,2.0,4.0,109.0,5.0,2.0,3,5,4,2,2,2,3,5,4
EMP100096,Rama Dharma Wibowo,2.0,77,Senior,2.0,1.0,3.0,109.0,3.0,1.0,2,2,6,1,2,4,3,4,3
EMP100097,Valdo Subekti,3.0,64,Senior,3.0,4.0,3.0,109.0,5.0,5.0,6,1,2,3,1,1,2,3,1
EMP100098,Indra Hidayat,3.0,57,Middle,3.0,4.0,4.0,128.0,7.0,6.0,3,1,3,1,3,3,2,1,4
EMP100099,Tania Suharto,3.0,46,Middle,4.0,3.0,2.0,109.0,4.0,7.0,4,2,4,2,1,3,2,6,4
EMP100100,Intan Rachman Suharto,1.0,55,Middle,1.0,1.0,3.0,109.0,3.0,3.0,1,1,4,1,2,4,1,2,4
EMP100101,Yoga Pratomo,4.0,51,Middle,5.0,3.0,4.0,81.0,5.0,7.0,4,1,1,2,3,3,4,5,1
EMP100103,Ayu Ginting,5.0,32,Middle,5.0,3.0,5.0,105.0,2.0,2.0,2,1,3,3,2,4,1,1,1
EMP100104,Budi Pratama,1.0,81,Senior,2.0,1.0,1.0,102.0,9.0,9.0,4,3,3,2,1,4,4,6,4
EMP100105,Maya Yulianto,1.0,16,Junior,1.0,2.0,2.0,109.0,9.0,7.0,1,4,4,2,1,2,4,1,1
EMP100106,Valdo Wijaya Wijaya,1.0,64,Senior,1.0,2.0,1.0,102.0,3.0,4.0,1,5,6,3,3,3,4,1,3
EMP100108,Dinda Erlangga Handayani,4.0,58,Middle,3.0,4.0,4.0,129.0,4.0,3.0,3,5,3,3,2,4,2,6,2
EMP100109,Dinda Wibowo,1.0,55,Middle,3.0,1.0,2.0,91.0,6.0,5.0,2,4,3,3,3,3,4,4,1
EMP100110,Citra Hartanto,3.0,46,Middle,3.0,2.0,3.0,97.0,7.0,9.0,5,5,3,2,3,3,3,4,2
EMP100111,Rendra Herlambang,2.0,44,Middle,2.0,2.0,3.0,83.0,7.0,3.0,3,4,6,1,3,2,3,5,2
EMP100112,Adit Mahardika Pratama,2.0,36,Middle,3.0,2.0,3.0,132.0,4.0,7.0,3,4,1,3,1,4,1,3,4
EMP100114,Vania Fadillah Fauziah,5.0,15,Junior,5.0,4.0,3.0,109.0,2.0,8.0,4,5,4,2,2,2,4,2,2
EMP100115,Satya Yudhistira Lukman,2.0,41,Middle,1.0,1.0,1.0,90.0,4.0,3.0,1,4,2,2,1,2,3,4,1
EMP100117,Prasetyo Gunawan,4.0,39,Middle,3.0,4.0,4.0,86.0,2.0,4.0,4,2,6,2,2,4,2,6,4
EMP100119,Iman Ginting,4.0,1,Junior,4.0,4.0,5.0,102.0,9.0,4.0,6,3,1,1,2,2,2,3,2
EMP100120,Iman Maulida,2.0,52,Middle,3.0,3.0,2.0,127.0,5.0,5.0,2,2,1,1,2,4,1,3,2
EMP100121,Bayu Hidayat,3.0,56,Middle,2.0,3.0,3.0,84.0,5.0,8.0,4,2,3,3,1,1,2,4,3
EMP100122,Rizki Simanjuntak,1.0,10,Junior,1.0,2.0,1.0,109.0,6.0,9.0,6,1,4,3,3,2,2,2,3
EMP100123,Kurnia Jatmiko Permadi,2.0,54,Middle,2.0,2.0,3.0,107.0,2.0,2.0,5,1,2,1,2,2,4,2,1
EMP100124,Maya Nabila Salsabila,2.0,52,Middle,3.0,2.0,2.0,109.0,4.0,1.0,2,5,4,2,1,2,1,2,4
EMP100125,Nabila Lestari Santoso,4.0,45,Middle,4.0,3.0,4.0,109.0,9.0,7.0,5,3,1,2,3,2,1,1,4
EMP100126,Vania Siregar,3.0,67,Senior,4.0,3.0,3.0,120.0,7.0,2.0,5,1,5,3,3,3,3,3,4
EMP100127,Lestari Gunawan,3.0,26,Middle,3.0,2.0,4.0,109.0,6.0,6.0,6,1,4,1,3,1,3,6,3
EMP100128,Ahmad Siregar,2.0,58,Middle,2.0,3.0,2.0,117.0,3.0,5.0,4,4,6,2,2,1,2,3,1
EMP100129,Dian Utama Kusuma,2.0,17,Junior,3.0,2.0,2.0,109.0,5.0,6.0,2,1,1,1,2,4,3,2,4
EMP100130,Citra Rahmawati,4.0,68,Senior,5.0,4.0,3.0,84.0,5.0,1.0,1,2,1,3,1,2,4,3,3
EMP100131,Ayunda Adi Hartanto,3.0,58,Middle,3.0,2.0,3.0,102.0,8.0,5.0,4,4,5,1,3,1,3,3,1
EMP100132,Maya Ramadhan,2.0,46,Middle,2.0,2.0,2.0,118.0,6.0,8.0,2,4,5,2,3,1,2,6,2
EMP100133,Rendra Handayani,3.0,30,Middle,3.0,2.0,3.0,104.0,4.0,3.0,4,1,2,3,1,2,3,1,2
EMP100134,Rifqi Wijaya,3.0,61,Senior,4.0,3.0,3.0,119.0,3.0,9.0,5,5,3,2,1,4,1,5,2
EMP100135,Indra Wijaya Ridwan,4.0,14,Junior,3.0,4.0,4.0,113.0,2.0,2.0,4,5,1,3,1,1,1,6,3
EMP100137,Rizky Jatmiko Hasibuan,2.0,124,Senior,2.0,3.0,3.0,125.0,5.0,3.0,1,4,5,2,1,1,1,1,2
EMP100138,Rani Zulfikar,4.0,42,Middle,5.0,5.0,5.0,109.0,2.0,2.0,3,1,4,2,3,2,4,5,1
EMP100139,Nadia Herlambang,3.0,78,Senior,2.0,3.0,3.0,109.0,9.0,3.0,4,2,4,3,3,1,2,3,2
EMP100140,Yuni Siregar,4.0,54,Middle,3.0,3.0,4.0,109.0,5.0,3.0,6,2,3,1,1,4,4,6,2
EMP100141,Fitri Utami,4.0,67,Senior,3.0,1.0,3.0,124.0,9.0,6.0,6,1,2,3,3,4,3,1,3
EMP100142,Indra Putra,4.0,64,Senior,5.0,3.0,4.0,109.0,5.0,1.0,4,1,4,3,1,1,1,5,3
EMP100143,Nadia Pramudita Wibowo,1.0,22,Middle,1.0,1.0,0.0,122.0,4.0,6.0,2,3,5,3,2,1,2,3,3
EMP100144,Bella Nabila Purnama,2.0,20,Middle,1.0,2.0,2.0,109.0,5.0,5.0,4,1,2,3,2,2,2,6,2
EMP100145,Novi Purnama,1.0,41,Middle,1.0,3.0,3.0,107.0,6.0,4.0,5,4,1,1,1,3,4,5,1
EMP100147,Hana Ridwan,3.0,7,Junior,3.0,4.0,3.0,109.0,9.0,6.0,6,5,2,1,2,4,2,6,3
EMP100148,Galih Zulfikar Hasibuan,1.0,100,Senior,1.0,2.0,1.0,120.0,1.0,9.0,1,4,5,1,1,2,4,2,1
EMP100149,Teguh Saputra Hasibuan,4.0,60,Senior,2.0,2.0,2.0,122.0,9.0,1.0,4,2,5,3,1,4,4,3,2
EMP100151,Wahyu Permadi,2.0,42,Middle,2.0,2.0,2.0,123.0,7.0,2.0,3,5,6,3,1,4,4,1,1
EMP100152,Satya Siregar,4.0,59,Middle,5.0,5.0,3.0,93.0,1.0,7.0,2,5,2,3,3,3,2,5,4
EMP100153,Arif Herlambang,2.0,66,Senior,3.0,2.0,1.0,109.0,3.0,2.0,3,3,2,3,1,4,3,6,1
EMP100154,Kurnia Maulida,2.0,39,Middle,3.0,2.0,1.0,117.0,5.0,6.0,2,1,1,2,2,1,4,4,2
EMP100155,Citra Jatmiko Siregar,2.0,74,Senior,2.0,3.0,2.0,109.0,4.0,2.0,3,3,4,3,1,1,4,2,3
EMP100156,Yoga Anugrah Lestari,4.0,66,Senior,3.0,5.0,3.0,80.0,6.0,3.0,4,2,3,3,1,2,4,1,1
EMP100157,Maya Zulfikar Purnama,2.0,15,Junior,1.0,2.0,2.0,118.0,9.0,6.0,1,2,2,2,3,2,1,2,1
EMP100160,Nugroho Rachman Salsabila,3.0,83,Senior,3.0,3.0,4.0,133.0,2.0,4.0,1,1,6,2,2,4,4,4,1
EMP100161,Wulan Saputra Pratama,1.0,78,Senior,1.0,1.0,1.0,113.0,4.0,1.0,6,5,3,3,1,4,2,4,2
EMP100162,Eko Adi Permadi,1.0,38,Middle,1.0,2.0,1.0,138.0,4.0,5.0,5,3,5,1,2,3,4,5,2
EMP100163,Oktavia Pramudita Sinaga,3.0,74,Senior,2.0,1.0,1.0,137.0,2.0,9.0,2,2,6,3,1,2,3,2,4
EMP100164,Wahyu Iqbal Pratomo,3.0,81,Senior,3.0,3.0,3.0,109.0,2.0,7.0,2,5,3,2,1,4,2,5,4
EMP100165,Kurnia Nugroho,4.0,18,Middle,4.0,4.0,4.0,123.0,5.0,4.0,6,5,1,1,3,4,3,6,4
EMP100166,Wahyu Yulianto,2.0,34,Middle,2.0,2.0,3.0,109.0,6.0,7.0,4,3,4,3,1,2,3,3,3
EMP100167,Eko Zulfikar,3.0,84,Senior,4.0,4.0,4.0,119.0,8.0,1.0,4,5,2,3,1,3,3,2,2
EMP100168,Wahyu Rachman Utami,1.0,77,Senior,1.0,1.0,3.0,114.0,1.0,5.0,3,4,2,1,3,1,2,3,2
EMP100170,Dinda Wijaya Zulfikar,3.0,103,Senior,3.0,3.0,2.0,109.0,7.0,9.0,1,1,4,3,1,4,1,5,4
EMP100171,Nadia Yulianto,2.0,44,Middle,3.0,1.0,3.0,136.0,5.0,6.0,2,5,3,3,3,1,3,2,1
EMP100172,Dinda Ridwan,4.0,15,Junior,4.0,3.0,4.0,115.0,9.0,8.0,6,2,3,1,3,3,3,6,4
EMP100173,Ahmad Wijaya,3.0,81,Senior,2.0,3.0,2.0,109.0,2.0,9.0,6,5,6,2,3,4,3,1,3
EMP100175,Budi Hasibuan,3.0,28,Middle,3.0,3.0,3.0,133.0,4.0,8.0,2,4,5,1,1,1,4,6,2
EMP100176,Fajar Firmansyah,3.0,10,Junior,4.0,2.0,2.0,134.0,5.0,6.0,6,3,3,1,1,3,1,4,3
EMP100178,Nurlita Siregar,4.0,56,Middle,3.0,4.0,5.0,106.0,4.0,4.0,4,2,1,3,1,3,2,3,3
EMP100179,Andi Santoso,3.0,41,Middle,3.0,4.0,3.0,109.0,5.0,8.0,5,5,4,2,3,2,3,3,1
EMP100180,Evi Kurniawan,3.0,44,Middle,4.0,4.0,3.0,101.0,2.0,9.0,1,1,1,2,1,2,4,4,1
EMP100181,Dewi Mahardika Salsabila,3.0,63,Senior,3.0,3.0,3.0,109.0,6.0,3.0,4,5,4,1,1,1,4,3,2
EMP100182,Joko Kusuma Maulana,2.0,49,Middle,1.0,2.0,3.0,109.0,3.0,6.0,4,5,4,3,1,3,2,6,3
EMP100183,Valdo Herlambang,3.0,16,Junior,3.0,2.0,3.0,109.0,9.0,1.0,2,5,4,2,3,1,4,6,1
EMP100184,Rizka Pamungkas,2.0,62,Senior,3.0,1.0,1.0,113.0,5.0,8.0,3,5,1,2,3,4,3,2,3
EMP100185,Yuni Anugrah Subekti,1.0,59,Middle,1.0,2.0,1.0,109.0,3.0,7.0,6,4,2,2,2,3,3,1,1
EMP100186,Rizki Halim,5.0,59,Middle,5.0,4.0,5.0,128.0,5.0,5.0,3,3,5,3,2,3,2,6,4
EMP100187,Ayu Tamba,2.0,39,Middle,2.0,1.0,3.0,88.0,6.0,5.0,6,5,6,2,1,2,2,1,4
EMP100188,Novi Pramudita Syahputra,4.0,7,Junior,4.0,4.0,4.0,92.0,4.0,7.0,1,4,1,3,3,3,3,1,3
EMP100189,Andi Ganesha Hartanto,2.0,78,Senior,2.0,2.0,3.0,129.0,7.0,6.0,1,2,3,2,3,3,4,6,3
EMP100190,Kartika Santoso,4.0,45,Middle,4.0,4.0,3.0,112.0,5.0,7.0,5,3,6,3,1,2,3,6,1
EMP100191,Cahyo Wijaya,1.0,61,Senior,1.0,1.0,1.0,138.0,7.0,3.0,5,4,1,1,1,3,2,4,1
EMP100193,Kurnia Anugrah Kurniawan,3.0,38,Middle,3.0,3.0,3.0,134.0,3.0,5.0,5,1,2,1,1,4,4,1,2
EMP100194,Arif Hasibuan,4.0,41,Middle,4.0,4.0,4.0,109.0,3.0,2.0,1,1,3,1,2,3,1,2,2
EMP100195,Fitri Purnama,3.0,29,Middle,3.0,3.0,4.0,124.0,1.0,1.0,3,1,6,1,2,3,4,3,3
EMP100196,Kurnia Situmorang,3.0,34,Middle,2.0,2.0,3.0,109.0,6.0,9.0,2,4,4,1,3,3,4,3,3
EMP100197,Fitri Santoso,3.0,15,Junior,3.0,3.0,3.0,83.0,2.0,8.0,4,4,5,1,3,1,1,3,4
EMP100199,Valdo Zulfikar Halim,4.0,70,Senior,3.0,3.0,4.0,97.0,1.0,7.0,1,2,5,3,2,1,3,4,3
EMP100200,Lestari Pratomo,3.0,46,Middle,3.0,4.0,3.0,102.0,1.0,4.0,5,2,2,2,2,4,2,3,1
EMP100201,Gita Ganesha Santoso,3.0,29,Middle,3.0,2.0,2.0,101.0,9.0,2.0,1,4,5,3,3,4,2,5,2
EMP100202,Rizky Anugrah Suharto,3.0,26,Middle,2.0,2.0,3.0,111.0,7.0,2.0,4,2,3,1,1,3,1,3,3
EMP100203,Teguh Kusuma Siregar,3.0,46,Middle,3.0,3.0,4.0,92.0,3.0,4.0,1,3,5,2,1,1,1,4,3
EMP100204,Utami Candra Ginting,3.0,75,Senior,4.0,4.0,3.0,109.0,7.0,3.0,4,5,4,2,1,1,2,3,4
EMP100205,Vania Adi Nugroho,3.0,12,Junior,4.0,3.0,3.0,139.0,4.0,8.0,3,4,2,1,3,4,2,5,3
EMP100206,Sari Pratomo,3.0,38,Middle,3.0,4.0,2.0,115.0,1.0,5.0,4,1,6,2,3,1,1,3,4
EMP100209,Nugroho Pamungkas,3.0,45,Middle,2.0,4.0,3.0,126.0,6.0,7.0,6,1,6,2,1,2,4,5,2
EMP100210,Zaki Jatmiko Sinaga,3.0,56,Middle,3.0,3.0,3.0,109.0,5.0,4.0,4,1,4,3,2,1,4,3,4
EMP100211,Dian Tri Pratomo,3.0,38,Middle,4.0,4.0,4.0,135.0,1.0,9.0,1,4,3,3,1,3,4,5,1
EMP100212,Galih Kurniawan,3.0,14,Junior,2.0,3.0,4.0,92.0,8.0,4.0,5,5,5,3,3,3,3,4,1
EMP100213,Rizky Permadi,3.0,59,Middle,3.0,4.0,4.0,94.0,6.0,5.0,4,2,6,2,3,4,3,1,2
EMP100214,Oktavia Subekti,2.0,16,Junior,2.0,2.0,1.0,109.0,6.0,6.0,5,4,4,2,3,1,2,1,1
EMP100215,Valdo Wijaya,2.0,97,Senior,3.0,1.0,3.0,105.0,2.0,9.0,1,3,1,1,1,2,3,4,2
EMP100216,Sari Ananda,3.0,10,Junior,2.0,3.0,4.0,111.0,8.0,6.0,5,5,6,1,2,4,4,4,1
EMP100217,Luthfi Purnama,1.0,35,Middle,1.0,3.0,2.0,109.0,6.0,6.0,1,4,5,3,1,2,1,2,3
EMP100218,Ayu Lukman,3.0,35,Middle,3.0,2.0,3.0,95.0,9.0,3.0,2,1,6,2,2,4,3,1,4
EMP100220,Rizka Adi Setiawan,4.0,63,Senior,4.0,5.0,5.0,84.0,2.0,3.0,6,3,6,3,1,2,4,5,2
EMP100221,Dimas Qolbi Maulana,2.0,3,Junior,3.0,3.0,2.0,119.0,5.0,2.0,2,3,3,3,1,4,1,1,4
EMP100222,Luthfi Wijaya,1.0,88,Senior,1.0,2.0,3.0,88.0,2.0,5.0,1,4,1,2,2,2,3,1,3
EMP100223,Utami Mahardika Rohman,1.0,2,Junior,1.0,1.0,1.0,96.0,6.0,6.0,2,4,3,3,3,4,4,3,3
EMP100224,Rafa Maulida,4.0,75,Senior,4.0,4.0,3.0,114.0,6.0,4.0,4,1,2,1,3,1,1,4,2
EMP100225,Fajar Purnama,2.0,48,Middle,2.0,1.0,3.0,123.0,2.0,4.0,6,1,3,1,3,3,3,2,1
EMP100226,Nabila Simanjuntak,3.0,11,Junior,2.0,3.0,3.0,124.0,4.0,9.0,4,1,3,1,1,2,2,4,1
EMP100228,Satya Candra Handayani,2.0,53,Middle,2.0,1.0,1.0,116.0,5.0,1.0,2,4,2,1,2,4,2,4,2
EMP100229,Rizki Putra,5.0,22,Middle,5.0,5.0,5.0,103.0,6.0,1.0,6,5,5,3,3,2,3,5,2
EMP100230,Eko Indrawan,4.0,91,Senior,4.0,4.0,4.0,90.0,5.0,6.0,1,1,2,3,2,4,2,4,4
EMP100231,Satya Halim Hidayat,5.0,17,Junior,5.0,4.0,5.0,139.0,8.0,3.0,1,5,3,1,2,3,2,3,4
EMP100232,Zaki Ridwan,4.0,65,Senior,4.0,4.0,3.0,109.0,5.0,7.0,1,4,4,3,3,1,3,2,1
EMP100233,Utami Iqbal Gunawan,4.0,66,Senior,4.0,4.0,4.0,125.0,3.0,5.0,6,4,5,3,2,2,4,6,4
EMP100235,Bayu Maulida,4.0,36,Middle,5.0,3.0,4.0,88.0,1.0,8.0,6,2,6,1,2,4,3,2,3
EMP100236,Teguh Santoso,4.0,20,Middle,4.0,5.0,4.0,116.0,2.0,3.0,4,4,5,3,1,1,3,4,3
EMP100238,Dewi Siregar,3.0,98,Senior,3.0,3.0,4.0,109.0,1.0,3.0,1,3,4,1,1,1,3,1,3
EMP100240,Oktavia Hartanto,2.0,19,Middle,3.0,2.0,3.0,84.0,4.0,7.0,1,5,2,3,1,1,3,1,3
EMP100241,Sari Saputra Lukman,4.0,81,Senior,3.0,4.0,3.0,109.0,1.0,4.0,6,2,4,1,2,4,1,6,2
EMP100242,Rifqi Pamungkas,3.0,52,Middle,2.0,3.0,4.0,93.0,9.0,2.0,2,2,5,2,2,4,2,3,1
EMP100243,Sari Yudhistira Setiawan,4.0,40,Middle,4.0,5.0,5.0,116.0,5.0,5.0,2,2,2,2,1,2,4,5,3
EMP100244,Zaki Suharto,3.0,85,Senior,4.0,3.0,4.0,128.0,9.0,6.0,3,4,3,1,2,1,3,4,2
EMP100245,Budi Kurniawan,3.0,79,Senior,2.0,2.0,3.0,109.0,6.0,5.0,3,1,4,2,2,2,2,4,1
EMP100246,Rizky Subekti,4.0,28,Middle,4.0,4.0,4.0,82.0,2.0,6.0,3,3,3,3,1,1,2,2,1
EMP100248,Ahmad Erlangga Siregar,4.0,7,Junior,4.0,4.0,4.0,102.0,7.0,5.0,1,1,5,2,2,2,3,4,3
EMP100249,Evi Ridwan,4.0,82,Senior,4.0,4.0,4.0,86.0,6.0,5.0,2,2,6,3,1,4,1,5,4
EMP100250,Arif Mahardika Kusuma,2.0,56,Middle,2.0,1.0,3.0,89.0,8.0,6.0,1,4,1,1,3,4,4,6,2
EMP100251,Vania Halim Santoso,3.0,25,Middle,3.0,2.0,4.0,121.0,9.0,2.0,3,5,3,3,2,1,2,5,3
EMP100252,Wulan Adi Mahendra,3.0,65,Senior,4.0,4.0,3.0,105.0,6.0,3.0,6,3,5,3,1,2,1,5,2
EMP100254,Wulan Salsabila,4.0,55,Middle,4.0,4.0,3.0,84.0,9.0,3.0,1,2,3,3,1,1,1,6,4
EMP100255,Cahyo Anggara,1.0,49,Middle,1.0,1.0,1.0,121.0,4.0,4.0,2,1,2,2,2,3,2,4,3
EMP100256,Maya Dharma Pamungkas,1.0,54,Middle,1.0,1.0,1.0,80.0,8.0,9.0,2,3,6,1,2,3,3,2,4
EMP100258,Fitri Adi Maulana,4.0,4,Junior,4.0,3.0,5.0,121.0,5.0,8.0,4,3,5,1,1,1,1,1,3
EMP100259,Gita Ridwan,4.0,52,Middle,3.0,4.0,4.0,88.0,2.0,5.0,6,3,5,3,3,2,1,6,1
EMP100260,Ahmad Pramudita Siregar,2.0,88,Senior,3.0,2.0,2.0,87.0,5.0,1.0,2,1,5,2,2,4,1,4,4
EMP100261,Valdo Gunawan,3.0,42,Middle,2.0,3.0,2.0,138.0,3.0,9.0,1,5,5,3,1,1,2,1,1
EMP100262,Iman Baskara Saputra,4.0,55,Middle,4.0,4.0,5.0,136.0,2.0,6.0,4,4,2,1,2,1,3,1,2
EMP100264,Citra Utami,3.0,95,Senior,3.0,3.0,3.0,91.0,1.0,5.0,1,5,5,3,2,2,3,3,1
EMP100265,Citra Yulianto,2.0,47,Middle,1.0,2.0,2.0,91.0,5.0,6.0,3,4,3,3,1,4,3,5,1
EMP100266,Prasetyo Firmansyah,3.0,49,Middle,3.0,2.0,3.0,98.0,9.0,8.0,6,5,2,1,3,2,1,4,1
EMP100267,Nurlita Saputra Sinaga,2.0,61,Senior,3.0,3.0,2.0,109.0,5.0,3.0,4,1,4,1,2,4,2,2,1
EMP100268,Nadia Tri Fauziah,4.0,73,Senior,4.0,4.0,4.0,94.0,7.0,4.0,5,2,2,1,1,1,1,3,3
EMP100269,Zahra Pramudita Kusuma,4.0,81,Senior,4.0,5.0,3.0,84.0,3.0,8.0,1,3,1,2,2,2,1,3,1
EMP100271,Rani Nugroho,3.0,102,Senior,3.0,3.0,3.0,92.0,8.0,8.0,4,1,6,1,2,2,4,2,3
EMP100273,Rani Wibowo,5.0,48,Middle,5.0,3.0,4.0,109.0,7.0,8.0,1,3,4,2,2,4,2,3,1
EMP100274,Nabila Anugrah Gunawan,3.0,34,Middle,3.0,3.0,3.0,94.0,3.0,3.0,6,5,5,3,2,2,3,4,1
EMP100275,Evi Maulana,3.0,58,Middle,2.0,4.0,4.0,125.0,5.0,2.0,5,2,3,1,2,1,2,3,3
EMP100276,Maya Fauziah,4.0,47,Middle,4.0,4.0,4.0,109.0,9.0,2.0,2,4,4,1,1,3,1,1,2
EMP100277,Nadia Handayani,3.0,31,Middle,2.0,2.0,3.0,119.0,8.0,6.0,1,2,5,3,1,3,1,1,2
EMP100278,Tania Qolbi Lukman,2.0,57,Middle,2.0,2.0,1.0,109.0,2.0,6.0,2,3,6,3,1,2,1,2,3
EMP100279,Julia Wibowo,1.0,73,Senior,1.0,1.0,1.0,106.0,7.0,8.0,1,2,1,1,1,2,3,6,2
EMP100280,Yuni Nabila Handayani,4.0,72,Senior,5.0,1.0,2.0,119.0,7.0,5.0,4,2,2,3,3,3,1,6,2
EMP100281,Bella Qolbi Ridwan,4.0,29,Middle,5.0,4.0,4.0,93.0,6.0,9.0,5,1,5,3,2,3,1,6,3
EMP100282,Indra Siregar,4.0,35,Middle,4.0,4.0,3.0,126.0,1.0,5.0,4,4,1,2,3,4,2,4,4
EMP100284,Julia Maulana,1.0,27,Middle,2.0,1.0,1.0,98.0,3.0,5.0,1,2,2,3,2,3,4,5,2
EMP100285,Adi Mahardika Setiawan,2.0,15,Junior,2.0,2.0,2.0,140.0,7.0,8.0,4,1,3,3,2,3,2,4,2
EMP100286,Hana Wijaya Anggara,2.0,24,Middle,2.0,3.0,3.0,96.0,4.0,7.0,3,4,2,3,3,4,2,3,1
EMP100288,Budi Rachman Ramadhan,2.0,54,Middle,1.0,1.0,2.0,82.0,9.0,6.0,5,3,3,2,2,4,3,3,2
EMP100289,Teguh Hasibuan,4.0,6,Junior,4.0,5.0,4.0,88.0,8.0,3.0,1,4,2,1,2,4,3,5,1
EMP100291,Cahyo Pratomo,3.0,20,Middle,3.0,3.0,3.0,123.0,5.0,4.0,1,4,2,1,1,3,1,5,2
EMP100292,Wahyu Halim Zulfikar,2.0,2,Junior,1.0,2.0,2.0,92.0,3.0,2.0,4,2,6,3,2,4,2,3,4
EMP100293,Sari Fadillah Mahendra,3.0,88,Senior,3.0,2.0,3.0,82.0,4.0,8.0,5,3,6,3,2,2,1,2,1
EMP100294,Fitri Dharma Hidayat,3.0,65,Senior,3.0,2.0,3.0,124.0,9.0,5.0,5,5,6,1,3,2,3,5,2
EMP100295,Hadi Dharma Siregar,3.0,33,Middle,3.0,3.0,3.0,102.0,8.0,1.0,5,5,3,3,1,3,2,3,3
EMP100296,Bayu Nugroho,4.0,49,Middle,4.0,4.0,4.0,84.0,5.0,1.0,3,1,3,3,2,1,2,3,3
EMP100297,Yoga Salsabila,1.0,65,Senior,2.0,2.0,1.0,135.0,6.0,9.0,6,5,5,2,3,1,1,1,2
EMP100298,Yuni Iqbal Saputra,3.0,65,Senior,3.0,3.0,3.0,81.0,2.0,5.0,5,5,3,3,2,3,3,3,2
EMP100300,Rama Lukman,4.0,25,Middle,3.0,4.0,4.0,126.0,5.0,5.0,6,5,2,3,2,3,1,5,1
EMP100301,Rama Zulfikar,2.0,31,Middle,3.0,3.0,2.0,123.0,3.0,5.0,4,3,6,3,2,2,2,6,1
EMP100302,Rizky Ginting,3.0,3,Junior,2.0,3.0,3.0,130.0,9.0,2.0,6,5,3,2,3,2,4,2,2
EMP100303,Bayu Wijaya Maulida,3.0,95,Senior,4.0,3.0,3.0,94.0,5.0,9.0,6,5,2,3,3,2,2,1,4
EMP100305,Indra Herlambang,3.0,68,Senior,3.0,3.0,4.0,113.0,7.0,5.0,5,2,6,2,1,1,3,3,2
EMP100306,Dinda Kusuma Ananda,3.0,24,Middle,3.0,3.0,2.0,109.0,2.0,5.0,2,3,1,2,1,4,4,2,4
EMP100307,Sari Indrawan,3.0,29,Middle,3.0,3.0,2.0,109.0,2.0,7.0,4,4,4,3,2,4,3,2,3
EMP100308,Nugroho Subekti,4.0,52,Middle,4.0,3.0,3.0,105.0,9.0,5.0,3,2,5,3,3,2,1,2,2
EMP100309,Valdo Ridwan,4.0,61,Senior,3.0,4.0,4.0,120.0,5.0,3.0,2,5,5,3,3,4,3,5,3
EMP100310,Rendra Pradana,4.0,49,Middle,4.0,3.0,4.0,91.0,2.0,6.0,4,2,2,1,3,4,4,1,3
EMP100311,Maya Pramudita Zulfikar,2.0,62,Senior,2.0,2.0,2.0,102.0,3.0,4.0,6,4,3,2,3,4,4,3,3
EMP100312,Maya Lestari,2.0,20,Middle,1.0,1.0,1.0,109.0,7.0,2.0,6,1,4,2,2,1,4,5,1
EMP100313,Budi Qolbi Hidayat,5.0,50,Middle,5.0,5.0,5.0,105.0,6.0,5.0,2,4,3,3,1,1,3,4,3
EMP100314,Yuni Herlambang,1.0,14,Junior,1.0,1.0,1.0,116.0,1.0,5.0,2,4,3,3,1,4,1,4,1
EMP100315,Rama Kusuma,3.0,70,Senior,3.0,3.0,4.0,99.0,3.0,7.0,2,5,1,3,1,1,4,4,2
EMP100316,Joko Siregar,3.0,40,Middle,3.0,3.0,3.0,82.0,1.0,6.0,6,4,5,3,1,3,1,3,1
EMP100317,Budi Herlambang,3.0,76,Senior,4.0,3.0,4.0,95.0,3.0,5.0,6,1,5,3,2,4,3,6,4
EMP100318,Rafa Lestari Fauziah,3.0,31,Middle,2.0,2.0,3.0,109.0,7.0,9.0,3,1,4,3,1,3,4,1,3
EMP100319,Valdo Anugrah Ramadhan,5.0,101,Senior,5.0,5.0,5.0,139.0,5.0,1.0,5,4,1,3,2,4,4,4,3
EMP100320,Budi Hartanto,1.0,25,Middle,1.0,2.0,3.0,99.0,8.0,9.0,3,3,3,3,2,2,1,3,4
EMP100321,Wulan Iqbal Herlambang,3.0,42,Middle,3.0,2.0,4.0,136.0,6.0,2.0,1,5,3,2,3,2,3,1,1
EMP100322,Rizka Pramudita Suharto,4.0,56,Middle,5.0,4.0,3.0,85.0,7.0,9.0,6,5,2,2,2,2,3,2,3
EMP100323,Umar Indrawan,3.0,8,Junior,3.0,3.0,2.0,92.0,6.0,1.0,2,1,1,3,3,4,2,6,1
EMP100325,Wahyu Kusuma Hartanto,2.0,34,Middle,2.0,1.0,1.0,109.0,2.0,9.0,2,5,5,1,3,1,4,2,3
EMP100326,Rizka Qolbi Mahendra,5.0,55,Middle,5.0,5.0,5.0,92.0,4.0,5.0,4,2,5,3,1,2,3,6,4
EMP100328,Tania Yudhistira Simanjuntak,3.0,37,Middle,3.0,3.0,4.0,130.0,7.0,3.0,6,3,1,3,2,2,2,6,1
EMP100329,Galih Iqbal Pamungkas,3.0,41,Middle,3.0,2.0,3.0,92.0,4.0,5.0,5,2,5,1,3,1,2,4,1
EMP100330,Kartika Gunawan,4.0,25,Middle,4.0,3.0,4.0,109.0,2.0,3.0,3,4,6,3,2,3,3,5,2
EMP100331,Julia Tri Hartanto,5.0,39,Middle,4.0,4.0,4.0,127.0,3.0,2.0,1,3,5,1,1,1,3,1,4
EMP100332,Dewi Maulida,3.0,58,Middle,3.0,4.0,4.0,95.0,3.0,6.0,1,5,5,2,1,4,1,2,1
EMP100333,Mahendra Putra,5.0,47,Middle,5.0,4.0,5.0,92.0,8.0,2.0,5,5,5,3,3,4,4,6,1
EMP100334,Sari Maulana,3.0,42,Middle,2.0,4.0,3.0,109.0,7.0,5.0,4,1,4,1,3,3,3,3,2
EMP100335,Mahendra Pramudita Purnama,3.0,66,Senior,4.0,3.0,3.0,119.0,5.0,4.0,4,3,5,3,1,4,3,2,2
EMP100336,Evi Pratomo,3.0,26,Middle,3.0,4.0,4.0,117.0,2.0,1.0,1,4,5,3,3,3,1,6,4
EMP100339,Rafa Pramudita Purnama,3.0,53,Middle,3.0,3.0,3.0,81.0,5.0,3.0,1,1,3,2,1,3,4,6,4
EMP100341,Lestari Handayani,3.0,30,Middle,3.0,3.0,3.0,136.0,5.0,2.0,6,2,6,3,2,4,4,1,3
EMP100342,Luthfi Utama Pradana,2.0,66,Senior,3.0,3.0,1.0,88.0,8.0,6.0,1,4,2,1,3,1,2,1,1
EMP100343,Adit Tamba,3.0,80,Senior,3.0,2.0,3.0,109.0,1.0,2.0,2,2,6,3,3,3,2,4,2
EMP100344,Iman Wijaya Ginting,3.0,112,Senior,3.0,3.0,3.0,109.0,7.0,5.0,1,1,4,3,2,3,2,3,2
EMP100345,Arif Jatmiko Wibowo,3.0,7,Junior,1.0,1.0,1.0,139.0,5.0,8.0,6,1,6,3,2,3,4,3,1
EMP100346,Ari Ridwan,1.0,64,Senior,1.0,1.0,2.0,94.0,6.0,6.0,3,1,1,1,1,2,3,3,4
EMP100347,Rizky Nabila Fauziah,3.0,53,Middle,2.0,3.0,2.0,109.0,5.0,5.0,2,5,4,1,2,2,4,4,1
EMP100349,Dwi Ridwan,3.0,97,Senior,3.0,3.0,3.0,109.0,7.0,2.0,3,5,4,3,3,2,1,1,4
EMP100351,Cahyo Jatmiko Wibowo,3.0,62,Senior,3.0,4.0,3.0,139.0,5.0,1.0,6,5,6,3,1,3,4,1,1
EMP100352,Gita Wijaya Lestari,3.0,24,Middle,3.0,3.0,3.0,85.0,1.0,9.0,6,3,1,1,3,4,2,5,1
EMP100353,Wahyu Kusuma,3.0,24,Middle,3.0,3.0,3.0,89.0,9.0,4.0,2,4,6,1,3,3,4,3,4
EMP100354,Wahyu Setiawan,2.0,52,Middle,3.0,3.0,3.0,109.0,8.0,1.0,3,4,4,2,2,4,4,5,4
EMP100355,Dimas Erlangga Yulianto,4.0,86,Senior,4.0,4.0,4.0,103.0,4.0,3.0,2,3,5,1,3,2,1,4,2
EMP100356,Adi Baskara Subekti,4.0,18,Middle,3.0,5.0,4.0,109.0,1.0,6.0,4,5,4,3,3,2,1,4,3
EMP100357,Adit Siregar,4.0,90,Senior,4.0,3.0,4.0,119.0,1.0,9.0,2,2,6,3,2,1,1,1,2
EMP100358,Rizki Handayani,4.0,97,Senior,3.0,3.0,3.0,127.0,4.0,1.0,3,3,5,3,2,1,4,3,4
EMP100359,Vania Baskara Pratama,2.0,24,Middle,3.0,3.0,3.0,91.0,8.0,1.0,1,3,6,1,1,2,4,2,1
EMP100360,Rizka Rachman Wijaya,5.0,6,Junior,5.0,5.0,5.0,110.0,2.0,2.0,5,1,3,2,1,1,2,5,4
EMP100361,Eko Baskara Ananda,3.0,52,Middle,3.0,2.0,3.0,83.0,4.0,9.0,3,5,2,1,1,3,4,1,3
EMP100362,Adit Ginting,5.0,32,Middle,4.0,5.0,5.0,109.0,2.0,5.0,1,4,5,3,3,4,4,1,3
EMP100363,Zahra Salsabila,4.0,44,Middle,3.0,5.0,5.0,128.0,7.0,8.0,5,5,5,1,2,3,3,4,2
EMP100364,Utami Kusuma,2.0,60,Senior,1.0,2.0,1.0,97.0,4.0,4.0,6,2,2,3,2,3,4,2,4
EMP100365,Maya Syahputra,4.0,37,Middle,5.0,3.0,4.0,111.0,3.0,3.0,6,2,3,1,1,1,3,4,1
EMP100366,Zaki Qolbi Tamba,3.0,65,Senior,3.0,2.0,3.0,93.0,5.0,2.0,4,3,3,1,3,3,2,2,3
EMP100367,Utami Utama Maulana,6.0,63,Senior,3.0,2.0,4.0,119.0,9.0,7.0,5,5,5,3,2,1,3,2,2
EMP100368,Dewi Indrawan,3.0,111,Senior,4.0,4.0,2.0,119.0,5.0,2.0,2,2,1,2,3,2,3,3,4
EMP100369,Wahyu Halim,2.0,51,Middle,1.0,1.0,1.0,106.0,5.0,7.0,3,2,2,1,3,4,1,2,1
EMP100371,Ahmad Yudhistira Pratama,2.0,71,Senior,2.0,2.0,2.0,137.0,8.0,1.0,1,4,3,1,2,2,3,6,1
EMP100372,Andi Baskara Pamungkas,2.0,20,Middle,3.0,1.0,2.0,128.0,3.0,6.0,5,5,5,2,3,1,2,3,2
EMP100373,Gita Lestari,3.0,73,Senior,3.0,4.0,4.0,136.0,4.0,1.0,1,5,1,2,3,1,1,6,1
EMP100374,Utami Tamba,4.0,14,Junior,4.0,4.0,4.0,109.0,7.0,6.0,1,2,6,1,1,3,2,4,4
EMP100375,Intan Setiawan,3.0,58,Middle,3.0,3.0,3.0,100.0,2.0,4.0,3,2,1,2,1,2,3,2,4
EMP100376,Evi Iqbal Syahputra,3.0,25,Middle,3.0,3.0,3.0,109.0,5.0,6.0,4,1,4,2,3,2,3,3,4
EMP100377,Mahendra Pramudita Sinaga,3.0,91,Senior,3.0,4.0,3.0,94.0,5.0,4.0,2,5,1,1,1,1,3,5,3
EMP100378,Hana Halim,3.0,27,Middle,3.0,4.0,3.0,119.0,2.0,4.0,5,4,6,2,1,4,4,2,2
EMP100379,Ayu Mahardika Simanjuntak,5.0,64,Senior,4.0,3.0,5.0,109.0,8.0,5.0,5,4,4,3,1,3,3,4,2
EMP100380,Evi Maulida,3.0,32,Middle,2.0,3.0,3.0,109.0,5.0,5.0,2,2,4,2,3,4,3,3,2
EMP100381,Cahyo Halim Siregar,1.0,43,Middle,3.0,1.0,1.0,107.0,2.0,1.0,4,2,5,2,3,3,1,5,2
EMP100382,Utami Erlangga Tamba,3.0,65,Senior,3.0,3.0,3.0,109.0,3.0,9.0,5,4,4,2,2,2,2,4,4
EMP100384,Dimas Saputra Utami,3.0,98,Senior,4.0,3.0,4.0,122.0,5.0,6.0,1,3,5,2,1,1,4,5,4
EMP100385,Hana Ananda,2.0,44,Middle,1.0,1.0,3.0,113.0,4.0,9.0,4,5,1,2,3,1,4,5,2
EMP100386,Tania Santoso,4.0,76,Senior,3.0,3.0,4.0,140.0,9.0,5.0,3,4,6,2,3,1,2,5,3
EMP100387,Ari Tri Hartanto,3.0,50,Middle,3.0,3.0,3.0,109.0,6.0,8.0,6,3,5,2,3,2,3,4,3
EMP100388,Rani Qolbi Zulfikar,3.0,33,Middle,2.0,3.0,4.0,140.0,1.0,3.0,1,1,1,3,1,1,3,1,4
EMP100389,Fajar Pratama,3.0,74,Senior,3.0,3.0,3.0,109.0,7.0,8.0,5,1,3,2,3,2,4,6,3
EMP100390,Bayu Tri Simanjuntak,2.0,35,Middle,1.0,2.0,3.0,125.0,4.0,5.0,1,3,1,3,1,2,2,4,3
EMP100391,Rizka Adi Anggara,2.0,51,Middle,2.0,2.0,2.0,131.0,4.0,4.0,3,3,3,3,3,1,2,5,4
EMP100392,Tania Herlambang,3.0,20,Middle,3.0,3.0,3.0,110.0,7.0,2.0,6,3,2,3,1,1,1,6,3
EMP100393,Oktavia Ramadhan,2.0,61,Senior,3.0,3.0,2.0,120.0,3.0,6.0,2,2,3,1,3,4,1,1,2
EMP100394,Hadi Jatmiko Kurniawan,1.0,44,Middle,1.0,1.0,2.0,131.0,1.0,3.0,4,5,5,3,1,3,3,3,1
EMP100395,Joko Nabila Santoso,1.0,54,Middle,3.0,1.0,1.0,139.0,9.0,7.0,1,1,2,1,3,3,4,4,3
EMP100396,Zaki Anugrah Nugroho,3.0,36,Middle,3.0,3.0,3.0,138.0,6.0,6.0,6,3,3,2,3,4,4,6,1
EMP100397,Yuni Iqbal Putra,2.0,90,Senior,3.0,2.0,3.0,109.0,2.0,9.0,5,2,5,1,2,4,1,5,3
EMP100398,Joko Wijaya Wijaya,3.0,94,Senior,3.0,3.0,3.0,138.0,4.0,5.0,2,4,3,1,3,1,2,5,3
EMP100401,Dwi Wijaya Halim,5.0,74,Senior,5.0,4.0,5.0,109.0,2.0,3.0,1,2,4,1,1,4,3,6,2
EMP100402,Fajar Candra Maulida,2.0,91,Senior,2.0,1.0,2.0,83.0,4.0,6.0,6,3,3,3,1,1,1,5,3
EMP100403,Prasetyo Lestari,3.0,46,Middle,2.0,3.0,4.0,104.0,8.0,3.0,2,2,1,1,1,2,4,2,2
EMP100404,Anisa Tri Anggara,3.0,25,Middle,4.0,4.0,3.0,94.0,5.0,9.0,4,5,3,3,2,3,2,5,3
EMP100405,Teguh Erlangga Setiawan,3.0,55,Middle,3.0,3.0,2.0,127.0,5.0,1.0,1,5,3,1,1,2,4,4,4
EMP100407,Arif Rachman Suharto,3.0,94,Senior,3.0,3.0,2.0,116.0,6.0,5.0,1,3,3,1,1,2,4,3,2
EMP100408,Rafa Anugrah Kusuma,2.0,26,Middle,3.0,3.0,2.0,80.0,7.0,6.0,3,1,3,3,1,1,2,2,3
EMP100409,Rani Ginting,4.0,24,Middle,4.0,4.0,4.0,125.0,5.0,9.0,4,3,2,3,2,2,2,4,2
EMP100410,Adit Saputra Wijaya,4.0,64,Senior,4.0,4.0,4.0,109.0,4.0,3.0,4,2,1,3,1,2,1,4,1
EMP100411,Rani Fauziah,2.0,29,Middle,2.0,2.0,1.0,115.0,3.0,5.0,3,3,6,3,1,2,4,1,2
EMP100412,Tania Syahputra,4.0,26,Middle,4.0,4.0,4.0,130.0,8.0,9.0,1,4,5,1,2,4,2,4,4
EMP100413,Zahra Utama Pratomo,3.0,46,Middle,3.0,3.0,4.0,86.0,6.0,7.0,3,5,6,2,1,2,1,6,1
EMP100414,Citra Hasibuan,1.0,70,Senior,1.0,1.0,2.0,104.0,7.0,5.0,4,4,6,2,3,1,3,4,2
EMP100415,Hadi Lukman,3.0,38,Middle,3.0,2.0,3.0,86.0,7.0,6.0,2,2,2,2,1,1,1,4,1
EMP100416,Cahyo Ganesha Handayani,3.0,38,Middle,4.0,3.0,3.0,139.0,9.0,5.0,2,4,6,1,3,4,3,4,3
EMP100417,Adi Situmorang,3.0,32,Middle,3.0,3.0,3.0,109.0,5.0,9.0,1,1,4,1,1,2,4,3,1
EMP100418,Oktavia Ganesha Fauziah,5.0,29,Middle,3.0,3.0,4.0,109.0,8.0,5.0,4,4,4,2,2,4,4,4,4
EMP100419,Lestari Hidayat,3.0,49,Middle,3.0,3.0,4.0,109.0,9.0,7.0,1,1,4,2,2,4,2,5,1
EMP100420,Vania Hartanto,2.0,81,Senior,3.0,3.0,3.0,80.0,6.0,9.0,2,4,2,1,2,4,3,3,4
EMP100421,Adit Anggara,3.0,51,Middle,3.0,3.0,2.0,85.0,9.0,3.0,2,2,2,2,1,4,2,2,2
EMP100422,Ari Handayani,1.0,54,Middle,2.0,1.0,1.0,103.0,2.0,5.0,1,5,6,3,1,4,1,6,2
EMP100423,Valdo Fauziah,4.0,83,Senior,5.0,4.0,5.0,109.0,3.0,1.0,1,1,4,1,1,2,2,6,3
EMP100424,Valdo Ramadhan,3.0,23,Middle,4.0,3.0,2.0,94.0,8.0,8.0,5,3,5,1,2,4,1,6,4
EMP100425,Novi Baskara Sinaga,1.0,53,Middle,1.0,1.0,1.0,83.0,5.0,5.0,2,3,1,3,2,4,4,6,1
EMP100426,Dimas Pamungkas,5.0,50,Middle,5.0,5.0,5.0,109.0,9.0,2.0,1,1,4,3,1,4,2,5,2
EMP100427,Dimas Adi Mahendra,3.0,42,Middle,3.0,3.0,3.0,109.0,6.0,5.0,4,3,5,1,2,4,3,1,2
EMP100428,Umar Pamungkas,5.0,61,Senior,5.0,5.0,5.0,109.0,6.0,6.0,5,3,4,2,1,4,3,2,4
EMP100430,Valdo Nabila Rohman,1.0,39,Middle,1.0,1.0,1.0,97.0,3.0,5.0,5,4,3,2,1,1,1,4,1
EMP100431,Novi Wijaya Putra,4.0,119,Senior,4.0,0.0,4.0,140.0,3.0,2.0,3,5,5,1,2,4,4,6,3
EMP100432,Rani Fadillah Rahmawati,3.0,94,Senior,4.0,3.0,2.0,109.0,7.0,5.0,3,1,4,3,2,4,1,6,2
EMP100433,Dian Ridwan,2.0,9,Junior,2.0,3.0,1.0,91.0,4.0,2.0,3,4,5,3,2,4,1,6,1
EMP100435,Intan Syahputra,2.0,34,Middle,2.0,1.0,2.0,121.0,5.0,6.0,5,1,5,1,1,1,3,6,3
EMP100436,Zahra Wijaya,3.0,94,Senior,4.0,3.0,3.0,97.0,5.0,5.0,4,1,6,3,2,2,1,2,1
EMP100437,Indra Hartanto,4.0,86,Senior,4.0,4.0,4.0,109.0,9.0,1.0,6,1,4,3,1,3,2,5,4
EMP100438,Bayu Yudhistira Santoso,3.0,50,Middle,4.0,3.0,4.0,90.0,5.0,5.0,3,5,3,3,3,1,1,5,4
EMP100439,Intan Tamba,2.0,54,Middle,1.0,3.0,2.0,83.0,3.0,4.0,5,2,1,2,3,3,2,6,1
EMP100440,Cahyo Utama Sinaga,4.0,3,Junior,5.0,4.0,4.0,119.0,5.0,6.0,6,2,6,2,1,1,1,5,3
EMP100441,Kartika Herlambang,4.0,24,Middle,5.0,4.0,5.0,118.0,5.0,2.0,1,3,6,1,1,2,1,3,1
EMP100442,Andi Qolbi Hidayat,2.0,29,Middle,3.0,2.0,2.0,138.0,5.0,2.0,3,1,5,2,3,3,2,2,4
EMP100443,Bayu Qolbi Hidayat,3.0,49,Middle,3.0,3.0,3.0,117.0,1.0,4.0,5,3,5,3,3,3,3,5,2
EMP100444,Dimas Purnama,4.0,80,Senior,5.0,4.0,5.0,114.0,3.0,5.0,2,3,3,3,3,1,1,5,3
EMP100445,Kurnia Wijaya,1.0,31,Middle,1.0,2.0,2.0,97.0,1.0,7.0,5,2,6,1,2,1,3,6,3
EMP100446,Rifqi Iqbal Ginting,3.0,75,Senior,3.0,2.0,3.0,112.0,5.0,5.0,2,3,5,1,2,2,4,3,1
EMP100447,Rendra Zulfikar Lestari,4.0,23,Middle,4.0,4.0,3.0,81.0,7.0,4.0,3,3,3,3,3,1,2,4,3
EMP100448,Gita Jatmiko Santoso,2.0,66,Senior,2.0,3.0,1.0,109.0,1.0,9.0,2,4,4,2,1,4,4,3,1
EMP100449,Ari Ramadhan,3.0,120,Senior,3.0,3.0,2.0,109.0,6.0,3.0,2,1,6,2,1,1,1,1,3
EMP100450,Indra Lestari,3.0,19,Middle,3.0,3.0,4.0,134.0,6.0,8.0,5,5,3,1,1,4,3,1,3
EMP100451,Fitri Qolbi Simanjuntak,3.0,63,Senior,3.0,3.0,3.0,85.0,2.0,8.0,4,5,2,3,3,3,4,6,1
EMP100452,Zahra Zulfikar Ramadhan,3.0,52,Middle,4.0,3.0,4.0,118.0,8.0,9.0,3,4,2,3,3,3,4,1,1
EMP100453,Yuni Subekti,3.0,27,Middle,4.0,4.0,2.0,112.0,8.0,5.0,2,5,2,3,3,1,2,6,3
EMP100455,Zaki Siregar,2.0,71,Senior,2.0,1.0,2.0,109.0,4.0,5.0,4,3,4,2,1,4,2,4,2
EMP100456,Rama Gunawan,2.0,51,Middle,2.0,2.0,2.0,109.0,9.0,7.0,3,2,4,1,1,2,3,1,1
EMP100457,Nurlita Maulana,3.0,63,Senior,3.0,4.0,3.0,117.0,8.0,9.0,3,3,6,2,3,1,3,4,1
EMP100458,Fajar Mahardika Handayani,3.0,70,Senior,3.0,3.0,2.0,114.0,6.0,5.0,3,2,5,2,3,4,1,6,2
EMP100459,Zahra Syahputra,3.0,81,Senior,3.0,4.0,3.0,85.0,4.0,4.0,1,3,3,1,3,1,3,5,1
EMP100460,Joko Sinaga,5.0,45,Middle,3.0,5.0,5.0,89.0,2.0,4.0,4,3,3,2,2,4,1,4,2
EMP100461,Novi Suharto,4.0,37,Middle,2.0,3.0,2.0,87.0,2.0,6.0,3,3,2,2,1,3,3,3,1
EMP100462,Lestari Anggara,5.0,28,Middle,5.0,5.0,5.0,85.0,2.0,9.0,5,2,6,1,1,4,3,3,3
EMP100463,Arif Kurniawan,4.0,91,Senior,5.0,3.0,3.0,123.0,7.0,8.0,4,3,3,1,3,4,2,4,4
EMP100464,Anisa Erlangga Lukman,3.0,104,Senior,3.0,3.0,4.0,132.0,1.0,8.0,1,2,3,3,1,4,4,4,4
EMP100465,Eko Pamungkas,5.0,48,Middle,3.0,5.0,4.0,119.0,8.0,2.0,5,4,1,3,2,1,1,1,2
EMP100466,Gita Nabila Indrawan,5.0,48,Middle,5.0,4.0,4.0,95.0,3.0,8.0,6,4,2,1,3,2,3,5,4
EMP100468,Dinda Erlangga Indrawan,2.0,26,Middle,2.0,1.0,3.0,109.0,9.0,6.0,3,1,3,2,1,1,3,5,1
EMP100469,Sari Suharto,2.0,57,Middle,2.0,3.0,3.0,82.0,9.0,1.0,6,3,5,2,3,3,1,3,4
EMP100470,Wulan Saputra Santoso,2.0,64,Senior,3.0,3.0,2.0,109.0,3.0,1.0,3,3,4,2,3,1,2,4,2
EMP100471,Indra Zulfikar Rahmawati,3.0,32,Middle,4.0,3.0,4.0,123.0,7.0,1.0,5,2,3,2,3,2,1,1,3
EMP100473,Zaki Zulfikar Salsabila,4.0,6,Junior,5.0,3.0,3.0,132.0,1.0,6.0,1,2,2,1,2,4,4,5,2
EMP100474,Vania Iqbal Fauziah,2.0,45,Middle,2.0,2.0,2.0,103.0,7.0,5.0,2,1,5,3,2,1,4,2,3
EMP100475,Rizky Setiawan,5.0,47,Middle,5.0,5.0,5.0,94.0,5.0,5.0,4,4,3,1,1,1,2,1,1
EMP100477,Gita Wibowo,4.0,98,Senior,4.0,5.0,3.0,109.0,6.0,3.0,4,4,1,3,2,2,3,6,2
EMP100479,Rendra Yudhistira Herlambang,2.0,82,Senior,3.0,2.0,1.0,115.0,7.0,1.0,2,2,1,2,3,2,3,2,1
EMP100481,Rama Salsabila,4.0,90,Senior,4.0,3.0,4.0,100.0,4.0,3.0,2,4,1,3,1,3,1,6,1
EMP100482,Rani Rachman Setiawan,1.0,38,Middle,1.0,2.0,1.0,120.0,5.0,1.0,2,5,5,3,3,1,4,6,4
EMP100483,Intan Nabila Pamungkas,3.0,23,Middle,3.0,4.0,3.0,109.0,2.0,2.0,6,4,4,3,1,1,2,6,3
EMP100484,Citra Nabila Handayani,4.0,35,Middle,3.0,3.0,3.0,109.0,9.0,4.0,4,2,4,3,3,4,2,3,1
EMP100485,Galih Aji Saputra,5.0,20,Middle,5.0,4.0,5.0,111.0,6.0,6.0,6,2,5,2,3,1,3,4,3
EMP100486,Joko Simanjuntak,4.0,22,Middle,5.0,5.0,4.0,110.0,5.0,1.0,3,3,5,2,1,4,3,4,3
EMP100487,Joko Lukman,2.0,24,Middle,2.0,2.0,2.0,106.0,1.0,8.0,6,4,5,2,2,4,4,3,3
EMP100488,Luthfi Pratama,3.0,64,Senior,4.0,3.0,2.0,126.0,6.0,9.0,3,2,6,2,2,3,2,5,1
EMP100490,Cahyo Suharto,2.0,44,Middle,2.0,2.0,2.0,80.0,2.0,1.0,5,3,5,1,2,1,3,5,1
EMP100491,Gita Anggara,2.0,85,Senior,3.0,3.0,2.0,89.0,9.0,4.0,3,5,6,2,1,1,1,4,1
EMP100492,Ahmad Lestari Handayani,4.0,74,Senior,4.0,4.0,4.0,90.0,3.0,8.0,4,3,6,3,1,4,4,2,1
EMP100493,Nurlita Wijaya,2.0,47,Middle,1.0,2.0,2.0,112.0,4.0,2.0,6,3,5,2,1,3,4,4,1
EMP100494,Dwi Mahardika Anggara,4.0,30,Middle,4.0,4.0,5.0,95.0,6.0,1.0,4,1,3,2,2,1,1,3,4
EMP100495,Gita Ganesha Zulfikar,2.0,64,Senior,2.0,2.0,2.0,81.0,3.0,8.0,4,5,3,3,2,1,3,3,3
EMP100496,Intan Wijaya Pratomo,3.0,74,Senior,3.0,3.0,3.0,109.0,4.0,1.0,1,2,4,3,2,2,1,5,2
EMP100500,Yoga Mahardika Gunawan,3.0,16,Junior,4.0,3.0,3.0,117.0,6.0,9.0,6,5,3,3,1,3,4,2,3
EMP100501,Rifqi Rachman Santoso,3.0,36,Middle,2.0,3.0,2.0,122.0,9.0,9.0,5,4,5,3,1,1,4,6,3
EMP100502,Wahyu Hasibuan,4.0,59,Middle,4.0,4.0,4.0,81.0,4.0,8.0,6,5,5,3,2,2,4,5,2
EMP100503,Prasetyo Ganesha Ramadhan,4.0,44,Middle,3.0,4.0,4.0,86.0,3.0,6.0,4,1,2,3,1,4,2,4,3
EMP100504,Kartika Halim Ginting,1.0,47,Middle,1.0,1.0,2.0,113.0,4.0,3.0,2,5,6,3,2,3,1,2,2
EMP100505,Intan Pramudita Maulida,3.0,66,Senior,2.0,2.0,3.0,98.0,3.0,4.0,5,4,2,3,3,1,3,6,1
EMP100506,Cahyo Iqbal Suharto,2.0,82,Senior,2.0,2.0,2.0,102.0,3.0,7.0,1,3,1,1,1,2,4,6,3
EMP100507,Dewi Rahmawati,4.0,44,Middle,3.0,4.0,3.0,81.0,7.0,9.0,1,3,5,3,2,2,3,6,1
EMP100508,Sari Nabila Halim,4.0,41,Middle,4.0,4.0,3.0,107.0,5.0,8.0,3,4,3,2,1,4,4,3,4
EMP100509,Zaki Tri Lestari,4.0,47,Middle,3.0,3.0,3.0,85.0,3.0,9.0,1,2,1,3,2,2,2,2,4
EMP100510,Rizky Lestari Situmorang,4.0,46,Middle,3.0,4.0,4.0,82.0,3.0,6.0,4,4,3,3,2,2,2,6,1
EMP100511,Nugroho Saputra,3.0,29,Middle,3.0,2.0,3.0,135.0,8.0,3.0,5,2,1,2,3,2,1,3,1
EMP100512,Valdo Ginting,5.0,52,Middle,5.0,3.0,5.0,101.0,3.0,1.0,2,4,6,3,3,3,2,5,4
EMP100513,Nabila Fadillah Setiawan,4.0,59,Middle,5.0,4.0,5.0,109.0,8.0,7.0,6,1,6,1,3,1,1,2,1
EMP100514,Fitri Saputra Yulianto,3.0,64,Senior,3.0,4.0,4.0,91.0,5.0,8.0,4,4,5,2,3,2,2,1,4
EMP100516,Yoga Nugroho,3.0,37,Middle,3.0,4.0,4.0,100.0,1.0,4.0,1,2,6,1,1,2,3,4,2
EMP100517,Rendra Wibowo,1.0,27,Middle,1.0,1.0,2.0,109.0,9.0,9.0,6,1,4,2,3,4,2,3,3
EMP100518,Hana Erlangga Gunawan,1.0,83,Senior,3.0,1.0,1.0,92.0,8.0,4.0,1,3,6,1,3,1,3,5,3
EMP100519,Teguh Indrawan,5.0,56,Middle,5.0,5.0,5.0,131.0,2.0,6.0,5,1,6,1,2,2,4,1,3
EMP100520,Rifqi Kusuma Wibowo,4.0,74,Senior,3.0,4.0,4.0,86.0,7.0,2.0,1,1,1,3,2,3,3,3,1
EMP100521,Nadia Gunawan,3.0,35,Middle,3.0,3.0,3.0,100.0,6.0,7.0,2,2,6,3,3,2,1,6,3
EMP100522,Nabila Yudhistira Salsabila,4.0,63,Senior,4.0,4.0,5.0,109.0,4.0,6.0,6,5,4,1,3,1,3,5,1
EMP100523,Indra Adi Hartanto,2.0,33,Middle,3.0,2.0,2.0,134.0,4.0,9.0,4,1,1,3,3,3,1,4,1
EMP100524,Hadi Nugroho,5.0,23,Middle,5.0,4.0,5.0,94.0,8.0,3.0,2,4,1,2,3,2,3,2,2
EMP100525,Umar Fauziah,3.0,79,Senior,3.0,4.0,4.0,105.0,2.0,1.0,4,4,3,2,2,4,4,6,1
EMP100526,Kartika Maulana,4.0,82,Senior,4.0,5.0,4.0,96.0,5.0,2.0,5,3,3,2,3,4,4,6,1
EMP100527,Rendra Situmorang,3.0,50,Middle,2.0,3.0,3.0,133.0,5.0,9.0,6,2,6,2,2,3,4,5,4
EMP100528,Lestari Suharto,3.0,18,Middle,3.0,3.0,2.0,85.0,4.0,6.0,5,4,2,3,1,3,3,3,4
EMP100529,Anisa Lukman,3.0,46,Middle,3.0,3.0,3.0,108.0,6.0,4.0,4,2,1,2,1,2,1,1,4
EMP100531,Bella Erlangga Pratama,4.0,1,Junior,4.0,3.0,4.0,109.0,8.0,4.0,1,5,2,2,3,4,1,2,4
EMP100532,Umar Baskara Gunawan,3.0,41,Middle,3.0,3.0,3.0,109.0,1.0,6.0,2,4,1,2,1,3,1,3,1
EMP100533,Fajar Ananda,3.0,19,Middle,2.0,3.0,3.0,109.0,5.0,5.0,1,5,4,1,3,1,4,6,3
EMP100534,Rama Kurniawan,3.0,20,Middle,2.0,3.0,3.0,103.0,6.0,7.0,4,2,6,3,2,4,3,6,1
EMP100536,Eko Gunawan,5.0,79,Senior,4.0,5.0,5.0,121.0,6.0,3.0,5,5,5,3,2,4,1,1,4
EMP100537,Iman Yulianto,2.0,34,Middle,3.0,2.0,2.0,100.0,1.0,4.0,2,1,6,2,1,2,3,2,1
EMP100538,Maya Gunawan,4.0,39,Middle,4.0,3.0,4.0,126.0,6.0,5.0,2,3,6,2,2,2,4,4,1
EMP100539,Teguh Dharma Indrawan,4.0,21,Middle,4.0,4.0,4.0,94.0,9.0,1.0,4,5,6,3,1,3,4,2,3
EMP100540,Anisa Halim Ramadhan,1.0,47,Middle,2.0,1.0,1.0,106.0,8.0,7.0,3,2,3,1,3,2,3,5,2
EMP100541,Dinda Candra Pamungkas,4.0,30,Middle,4.0,4.0,4.0,115.0,5.0,8.0,6,5,6,2,2,3,4,1,1
EMP100542,Ahmad Situmorang,3.0,78,Senior,3.0,3.0,3.0,131.0,5.0,4.0,2,3,5,3,3,3,2,6,1
EMP100543,Teguh Fadillah Ramadhan,4.0,57,Middle,4.0,3.0,3.0,85.0,8.0,9.0,4,4,1,2,3,3,4,2,2
EMP100545,Adit Firmansyah,3.0,54,Middle,3.0,4.0,3.0,109.0,3.0,7.0,4,4,4,2,1,1,4,6,2
EMP100546,Nadia Saputra Kusuma,3.0,77,Senior,4.0,2.0,3.0,136.0,2.0,6.0,4,1,5,1,3,2,4,5,4
EMP100547,Nabila Anggara,4.0,28,Middle,4.0,4.0,3.0,134.0,3.0,3.0,3,1,3,2,1,4,2,1,1
EMP100548,Fajar Suharto,5.0,88,Senior,5.0,3.0,4.0,109.0,5.0,7.0,2,1,4,1,2,4,3,3,4
EMP100549,Lestari Aji Subekti,2.0,22,Middle,2.0,2.0,2.0,109.0,3.0,2.0,4,2,4,1,3,1,4,3,3
EMP100550,Hadi Hartanto,5.0,68,Senior,5.0,5.0,5.0,109.0,2.0,8.0,3,3,3,2,2,3,3,5,1
EMP100551,Mahendra Aji Permadi,2.0,33,Middle,2.0,2.0,2.0,109.0,3.0,8.0,1,5,2,3,3,3,3,2,4
EMP100552,Vania Syahputra,1.0,69,Senior,1.0,1.0,2.0,137.0,5.0,5.0,3,3,5,1,3,4,1,3,3
EMP100553,Lestari Kurniawan,3.0,31,Middle,2.0,3.0,4.0,107.0,5.0,9.0,2,4,3,1,2,3,1,1,2
EMP100554,Intan Saputra,5.0,83,Senior,5.0,5.0,5.0,109.0,2.0,2.0,4,5,4,3,3,4,1,2,1
EMP100555,Rani Anugrah Ridwan,3.0,2,Junior,3.0,3.0,2.0,99.0,4.0,6.0,6,2,5,1,1,4,1,5,4
EMP100556,Hadi Rohman,3.0,61,Senior,2.0,3.0,3.0,107.0,9.0,2.0,2,5,5,2,1,3,3,4,1
EMP100557,Rizka Subekti,3.0,59,Middle,3.0,3.0,2.0,102.0,3.0,1.0,1,4,6,2,2,2,2,1,1
EMP100561,Valdo Santoso,4.0,0,Junior,4.0,3.0,4.0,82.0,9.0,3.0,6,3,5,1,1,3,1,3,4
EMP100562,Utami Suharto,3.0,24,Middle,3.0,2.0,2.0,89.0,2.0,6.0,1,4,6,3,1,1,4,4,2
EMP100563,Dinda Maulida,2.0,9,Junior,2.0,3.0,2.0,105.0,2.0,1.0,2,5,3,2,2,3,2,4,2
EMP100564,Maya Candra Lukman,3.0,27,Middle,3.0,3.0,2.0,104.0,9.0,3.0,2,3,2,2,3,2,4,3,4
EMP100565,Anisa Pramudita Maulana,2.0,28,Middle,1.0,2.0,1.0,119.0,2.0,2.0,3,3,5,2,3,2,1,2,1
EMP100566,Rendra Setiawan,3.0,95,Senior,3.0,3.0,3.0,109.0,1.0,6.0,6,2,4,3,2,1,1,4,1
EMP100567,Nurlita Ananda,3.0,79,Senior,3.0,2.0,3.0,87.0,8.0,5.0,1,5,3,3,1,2,4,1,4
EMP100568,Hana Dharma Gunawan,4.0,61,Senior,3.0,5.0,4.0,96.0,6.0,9.0,6,4,5,3,1,2,2,3,3
EMP100569,Zaki Anggara,5.0,30,Middle,3.0,3.0,3.0,85.0,1.0,5.0,6,5,1,1,1,4,3,3,3
EMP100570,Dewi Mahardika Purnama,3.0,72,Senior,3.0,3.0,2.0,109.0,5.0,8.0,6,4,4,2,3,2,3,6,3
EMP100571,Yuni Setiawan,5.0,40,Middle,4.0,5.0,5.0,139.0,7.0,7.0,4,3,5,2,3,4,3,2,1
EMP100572,Rama Pradana,2.0,53,Middle,3.0,2.0,1.0,135.0,6.0,6.0,2,5,1,1,2,3,1,3,1
EMP100573,Arif Pramudita Syahputra,2.0,15,Junior,1.0,2.0,3.0,135.0,4.0,2.0,2,3,3,2,1,1,1,2,3
EMP100575,Prasetyo Handayani,3.0,10,Junior,2.0,2.0,3.0,108.0,1.0,8.0,4,5,6,2,2,3,2,6,3
EMP100576,Andi Wijaya Kusuma,4.0,48,Middle,4.0,4.0,4.0,99.0,6.0,3.0,4,2,1,2,1,3,4,6,2
EMP100577,Umar Anugrah Hidayat,2.0,79,Senior,3.0,1.0,2.0,109.0,4.0,5.0,2,1,3,2,1,4,3,3,3
EMP100578,Teguh Anggara,4.0,72,Senior,4.0,3.0,4.0,136.0,9.0,8.0,5,4,1,2,1,4,1,2,1
EMP100579,Yoga Sinaga,3.0,55,Middle,4.0,2.0,3.0,130.0,8.0,3.0,6,1,3,1,2,3,3,1,1
EMP100580,Adi Lukman,1.0,39,Middle,2.0,1.0,1.0,97.0,1.0,9.0,3,3,2,3,3,1,3,4,3
EMP100581,Wahyu Dharma Santoso,2.0,41,Middle,3.0,3.0,3.0,104.0,8.0,8.0,5,5,3,3,3,4,1,3,1
EMP100582,Wulan Nabila Fauziah,3.0,58,Middle,2.0,3.0,2.0,104.0,5.0,2.0,4,2,2,3,3,2,1,2,1
EMP100583,Dinda Zulfikar Herlambang,3.0,75,Senior,3.0,3.0,3.0,115.0,1.0,1.0,6,4,1,2,3,4,4,5,1
EMP100584,Satya Ananda,2.0,80,Senior,1.0,2.0,1.0,119.0,2.0,6.0,3,1,3,3,2,2,1,1,3
EMP100585,Indra Rohman,1.0,18,Middle,1.0,1.0,1.0,113.0,4.0,5.0,6,3,6,3,1,4,3,4,1
EMP100586,Adit Hartanto,4.0,33,Middle,4.0,3.0,4.0,111.0,8.0,6.0,4,2,6,3,3,1,1,1,2
EMP100587,Nabila Syahputra,3.0,54,Middle,3.0,3.0,3.0,113.0,4.0,4.0,4,3,3,1,3,1,2,1,3
EMP100589,Anisa Tri Pamungkas,3.0,41,Middle,3.0,3.0,3.0,109.0,4.0,2.0,2,2,4,1,1,2,1,1,3
EMP100590,Putri Rachman Hartanto,1.0,59,Middle,1.0,1.0,2.0,109.0,1.0,6.0,5,3,4,2,2,2,2,3,1
EMP100591,Kurnia Ginting,5.0,52,Middle,3.0,3.0,3.0,86.0,2.0,3.0,5,3,3,3,2,4,2,4,3
EMP100593,Hadi Santoso,3.0,12,Junior,3.0,3.0,3.0,139.0,7.0,7.0,1,4,2,3,1,4,4,4,2
EMP100594,Teguh Sinaga,2.0,73,Senior,2.0,2.0,3.0,134.0,7.0,4.0,4,3,2,2,1,4,1,3,2
EMP100595,Lestari Saputra,2.0,84,Senior,3.0,2.0,2.0,109.0,9.0,5.0,2,2,4,2,3,2,1,6,1
EMP100596,Dimas Aji Hidayat,2.0,50,Middle,3.0,1.0,99.0,109.0,9.0,5.0,6,4,4,1,3,1,3,4,4
EMP100597,Fajar Maulana,4.0,58,Middle,3.0,5.0,3.0,97.0,3.0,1.0,1,2,6,3,1,1,3,2,1
EMP100598,Adit Aji Tamba,3.0,39,Middle,4.0,3.0,3.0,124.0,6.0,1.0,6,2,5,1,1,1,2,6,4
EMP100599,Dimas Kurniawan,1.0,16,Junior,1.0,1.0,2.0,81.0,6.0,1.0,2,1,2,1,3,2,4,1,1
EMP100600,Zaki Wijaya,1.0,12,Junior,1.0,3.0,1.0,137.0,5.0,5.0,4,3,2,1,3,4,4,5,4
EMP100601,Nurlita Subekti,3.0,70,Senior,3.0,3.0,4.0,123.0,2.0,5.0,3,2,2,2,2,4,2,2,2
EMP100602,Rifqi Ananda,1.0,53,Middle,1.0,1.0,1.0,109.0,1.0,4.0,1,1,2,3,2,4,1,1,4
EMP100603,Ahmad Handayani,4.0,71,Senior,2.0,2.0,2.0,107.0,9.0,2.0,6,5,1,3,3,3,4,2,1
EMP100604,Yoga Lukman,2.0,1,Junior,3.0,3.0,1.0,109.0,8.0,9.0,4,5,4,3,1,3,3,5,2
EMP100605,Dwi Anggara,5.0,73,Senior,5.0,3.0,5.0,109.0,2.0,4.0,1,5,4,2,3,1,3,3,3
EMP100606,Wulan Candra Saputra,3.0,52,Middle,3.0,3.0,4.0,97.0,6.0,8.0,1,1,6,3,1,2,2,3,1
EMP100607,Rifqi Halim,1.0,77,Senior,2.0,1.0,2.0,82.0,7.0,2.0,5,3,6,2,3,2,1,6,4
EMP100608,Rani Kurniawan,5.0,17,Junior,5.0,5.0,5.0,109.0,7.0,6.0,6,4,6,1,3,1,4,2,4
EMP100609,Oktavia Nabila Ginting,4.0,45,Middle,3.0,4.0,4.0,114.0,2.0,6.0,6,2,3,1,3,4,3,5,2
EMP100610,Hana Rohman,3.0,71,Senior,2.0,3.0,4.0,94.0,2.0,2.0,1,5,5,1,3,2,3,4,4
EMP100611,Indra Sinaga,4.0,83,Senior,4.0,4.0,4.0,114.0,3.0,9.0,6,2,1,3,1,1,1,6,2
EMP100612,Adit Utami,3.0,87,Senior,2.0,2.0,3.0,115.0,1.0,5.0,5,3,1,1,3,1,2,1,4
EMP100613,Cahyo Nabila Situmorang,4.0,24,Middle,4.0,4.0,3.0,114.0,5.0,7.0,6,4,1,3,2,2,2,6,3
EMP100614,Cahyo Pratama,1.0,25,Middle,1.0,1.0,1.0,133.0,9.0,5.0,3,3,1,1,2,4,2,1,2
EMP100615,Ahmad Halim Nugroho,5.0,86,Senior,5.0,5.0,5.0,139.0,1.0,2.0,4,1,5,3,1,2,4,1,1
EMP100617,Eko Rahmawati,3.0,32,Middle,3.0,2.0,3.0,104.0,7.0,6.0,1,3,1,1,3,4,4,5,1
EMP100618,Arif Ramadhan,4.0,81,Senior,4.0,3.0,4.0,140.0,5.0,1.0,2,4,1,3,1,1,1,3,4
EMP100619,Adi Candra Firmansyah,2.0,49,Middle,2.0,1.0,3.0,114.0,8.0,5.0,1,3,2,1,2,3,4,1,2
EMP100620,Oka Kusuma,3.0,76,Senior,3.0,3.0,3.0,119.0,2.0,3.0,3,4,5,1,2,4,4,3,2
EMP100621,Zahra Fauziah,3.0,77,Senior,3.0,3.0,2.0,87.0,7.0,8.0,6,1,1,3,1,3,4,5,2
EMP100622,Ahmad Anugrah Anggara,2.0,20,Middle,2.0,1.0,1.0,90.0,7.0,5.0,2,2,5,3,1,1,1,1,3
EMP100623,Hadi Simanjuntak,2.0,53,Middle,1.0,2.0,2.0,82.0,9.0,9.0,3,3,3,1,3,1,1,2,1
EMP100624,Luthfi Firmansyah,2.0,38,Middle,1.0,2.0,2.0,95.0,7.0,3.0,4,4,6,1,3,2,1,4,4
EMP100625,Dwi Utami,2.0,83,Senior,2.0,2.0,1.0,132.0,6.0,5.0,4,2,2,3,3,4,3,3,2
EMP100626,Arif Nugroho,1.0,8,Junior,1.0,1.0,2.0,81.0,3.0,2.0,4,3,2,1,3,2,2,6,1
EMP100627,Hadi Handayani,3.0,19,Middle,2.0,3.0,3.0,106.0,3.0,7.0,6,4,5,2,2,3,3,2,3
EMP100628,Fitri Dharma Siregar,2.0,12,Junior,2.0,2.0,1.0,84.0,5.0,7.0,5,5,6,3,1,2,2,1,4
EMP100629,Mahendra Subekti,3.0,34,Middle,4.0,2.0,4.0,124.0,5.0,4.0,1,2,6,1,3,2,2,1,3
EMP100630,Maya Candra Maulida,4.0,8,Junior,5.0,3.0,5.0,109.0,2.0,6.0,5,2,4,3,3,1,1,2,1
EMP100631,Zahra Dharma Zulfikar,4.0,58,Middle,3.0,4.0,3.0,119.0,7.0,9.0,4,3,6,1,2,3,4,6,3
EMP100632,Rani Pramudita Suharto,4.0,77,Senior,3.0,3.0,3.0,109.0,4.0,7.0,3,2,4,3,2,1,3,1,4
EMP100633,Dewi Setiawan,4.0,54,Middle,4.0,4.0,4.0,110.0,5.0,3.0,5,4,3,1,3,1,4,2,4
EMP100634,Nugroho Pratama,3.0,55,Middle,3.0,2.0,4.0,117.0,1.0,1.0,1,3,5,2,2,3,1,3,1
EMP100635,Umar Dharma Fauziah,4.0,19,Middle,4.0,4.0,4.0,133.0,5.0,5.0,4,1,5,3,2,1,1,4,1
EMP100636,Rama Aji Wibowo,3.0,76,Senior,3.0,4.0,3.0,80.0,5.0,5.0,3,1,2,3,3,2,1,6,2
EMP100637,Rani Adi Simanjuntak,5.0,52,Middle,4.0,5.0,5.0,105.0,7.0,1.0,4,1,6,1,3,3,3,4,2
EMP100638,Budi Yudhistira Permadi,4.0,64,Senior,3.0,4.0,4.0,109.0,5.0,7.0,3,5,4,1,3,2,1,2,1
EMP100639,Iman Pratama,5.0,54,Middle,5.0,5.0,5.0,138.0,5.0,4.0,5,4,2,2,2,2,3,1,2
EMP100640,Dewi Yudhistira Putra,3.0,7,Junior,2.0,3.0,3.0,135.0,6.0,1.0,5,4,5,2,2,2,1,3,1
EMP100641,Julia Simanjuntak,3.0,70,Senior,4.0,2.0,2.0,109.0,9.0,3.0,4,4,4,2,2,2,3,1,3
EMP100642,Umar Halim Pradana,3.0,69,Senior,4.0,3.0,2.0,106.0,9.0,5.0,6,2,6,1,1,3,2,1,4
EMP100643,Dewi Yulianto,4.0,64,Senior,4.0,3.0,3.0,135.0,6.0,9.0,3,5,3,2,1,4,2,5,4
EMP100644,Ayunda Hartanto,3.0,69,Senior,1.0,2.0,1.0,98.0,5.0,6.0,3,3,3,3,1,2,4,2,2
EMP100645,Yoga Iqbal Santoso,5.0,26,Middle,5.0,5.0,4.0,82.0,6.0,1.0,5,4,5,3,2,1,4,5,1
EMP100646,Oktavia Ananda,4.0,62,Senior,3.0,3.0,4.0,126.0,3.0,4.0,5,3,3,1,1,4,3,2,2
EMP100648,Sari Mahardika Firmansyah,4.0,72,Senior,4.0,0.0,3.0,109.0,6.0,6.0,3,5,4,2,1,1,2,4,2
EMP100649,Wahyu Dharma Handayani,5.0,48,Middle,5.0,5.0,5.0,99.0,5.0,1.0,1,4,1,2,2,2,2,6,1
EMP100650,Rifqi Kurniawan,5.0,23,Middle,4.0,5.0,5.0,109.0,2.0,5.0,2,5,4,3,2,1,3,3,4
EMP100651,Novi Pamungkas,3.0,56,Middle,4.0,3.0,4.0,117.0,7.0,3.0,1,5,3,2,3,3,4,3,1
EMP100652,Eko Mahardika Lukman,5.0,58,Middle,5.0,5.0,5.0,122.0,8.0,4.0,6,1,3,2,1,3,4,4,4
EMP100654,Prasetyo Hidayat,4.0,29,Middle,3.0,3.0,3.0,109.0,1.0,5.0,5,3,5,3,1,3,1,6,4
EMP100655,Novi Lestari,3.0,88,Senior,3.0,3.0,2.0,109.0,8.0,4.0,5,2,4,1,3,4,2,2,2
EMP100656,Joko Herlambang,4.0,92,Senior,4.0,5.0,3.0,96.0,5.0,5.0,5,3,3,1,1,2,1,6,4
EMP100657,Rendra Anugrah Maulida,3.0,76,Senior,3.0,2.0,3.0,84.0,5.0,6.0,4,2,1,1,3,1,1,4,2
EMP100658,Nurlita Jatmiko Salsabila,1.0,149,Senior,2.0,1.0,1.0,109.0,2.0,4.0,1,4,6,2,1,2,4,6,1
EMP100659,Bella Utami,3.0,26,Middle,2.0,3.0,3.0,133.0,9.0,3.0,4,3,2,3,2,3,4,6,4
EMP100660,Anisa Putra,1.0,36,Middle,1.0,1.0,2.0,126.0,9.0,5.0,6,1,6,2,2,2,2,1,1
EMP100661,Budi Siregar,4.0,69,Senior,5.0,3.0,3.0,103.0,1.0,7.0,3,2,5,3,3,2,4,6,3
EMP100662,Utami Pratama,4.0,67,Senior,4.0,4.0,4.0,119.0,7.0,5.0,1,5,3,3,1,4,2,2,4
EMP100663,Rifqi Jatmiko Indrawan,5.0,55,Middle,5.0,4.0,5.0,123.0,3.0,9.0,3,3,5,2,1,2,4,3,2
EMP100664,Zaki Rachman Putra,3.0,19,Middle,2.0,2.0,2.0,101.0,4.0,7.0,5,4,2,1,1,4,2,6,3
EMP100665,Rendra Ridwan,3.0,42,Middle,4.0,3.0,4.0,102.0,6.0,6.0,5,2,2,3,3,3,3,3,2
EMP100666,Evi Sinaga,4.0,36,Middle,4.0,4.0,4.0,118.0,6.0,3.0,6,1,1,3,1,3,2,1,2
EMP100667,Rifqi Handayani,2.0,109,Senior,3.0,3.0,2.0,93.0,4.0,3.0,5,1,6,1,3,4,1,2,2
EMP100669,Adi Suharto,1.0,79,Senior,3.0,1.0,1.0,96.0,1.0,9.0,4,1,3,2,1,3,2,2,1
EMP100670,Rama Tamba,3.0,70,Senior,0.0,3.0,3.0,109.0,2.0,2.0,3,3,4,3,2,2,4,6,1
EMP100671,Fajar Baskara Rohman,2.0,82,Senior,3.0,1.0,2.0,111.0,5.0,8.0,2,4,2,2,3,1,2,2,1
EMP100672,Rani Ridwan,1.0,76,Senior,1.0,1.0,1.0,114.0,5.0,9.0,4,3,3,2,3,3,2,6,1
EMP100673,Citra Siregar,3.0,18,Middle,3.0,3.0,3.0,107.0,4.0,7.0,4,4,2,3,1,2,1,4,2
EMP100674,Valdo Handayani,2.0,31,Middle,1.0,2.0,1.0,109.0,4.0,6.0,6,5,5,1,2,2,4,6,3
EMP100675,Fajar Permadi,1.0,63,Senior,1.0,1.0,3.0,134.0,7.0,5.0,4,3,3,3,2,2,4,6,3
EMP100676,Rifqi Simanjuntak,1.0,54,Middle,1.0,2.0,2.0,81.0,9.0,6.0,3,1,5,2,2,3,3,2,3
EMP100677,Rani Halim Saputra,1.0,13,Junior,2.0,1.0,1.0,135.0,1.0,1.0,1,1,3,1,1,3,4,5,3
EMP100678,Julia Jatmiko Nugroho,4.0,80,Senior,4.0,5.0,3.0,109.0,8.0,1.0,2,5,4,1,2,2,3,3,1
EMP100679,Gita Sinaga,2.0,39,Middle,2.0,2.0,2.0,109.0,5.0,5.0,4,3,2,1,2,3,2,3,4
EMP100680,Nugroho Ramadhan,4.0,47,Middle,4.0,3.0,5.0,106.0,5.0,9.0,1,3,5,1,1,4,2,5,3
EMP100682,Tania Zulfikar,2.0,39,Middle,3.0,2.0,1.0,109.0,7.0,8.0,3,2,3,1,2,1,1,3,4
EMP100683,Rani Qolbi Nugroho,2.0,50,Middle,2.0,3.0,3.0,128.0,8.0,2.0,2,2,6,2,2,1,3,2,4
EMP100684,Dian Rahmawati,5.0,125,Senior,99.0,5.0,5.0,109.0,6.0,9.0,6,3,4,1,1,2,3,5,4
EMP100685,Budi Wijaya Wijaya,3.0,73,Senior,3.0,2.0,3.0,109.0,6.0,4.0,6,2,4,1,1,2,2,4,3
EMP100686,Satya Utami,2.0,56,Middle,2.0,2.0,1.0,92.0,7.0,3.0,3,2,6,2,1,2,2,6,3
EMP100687,Gita Erlangga Herlambang,4.0,36,Middle,3.0,4.0,4.0,92.0,6.0,4.0,2,4,5,3,1,2,2,4,2
EMP100688,Adit Iqbal Kurniawan,4.0,40,Middle,3.0,4.0,4.0,131.0,6.0,1.0,4,2,1,2,3,3,1,3,4
EMP100689,Evi Zulfikar,3.0,10,Junior,4.0,3.0,3.0,138.0,8.0,5.0,4,1,1,2,1,4,2,1,3
EMP100690,Dian Tri Zulfikar,3.0,93,Senior,3.0,3.0,3.0,109.0,5.0,4.0,5,3,5,3,1,1,3,2,2
EMP100691,Dian Utama Hasibuan,2.0,38,Middle,2.0,3.0,1.0,109.0,2.0,4.0,6,4,4,3,2,2,2,3,2
EMP100692,Lestari Halim Purnama,2.0,35,Middle,3.0,2.0,3.0,136.0,5.0,5.0,1,4,5,3,2,3,2,6,2
EMP100693,Hadi Pramudita Zulfikar,3.0,39,Middle,3.0,3.0,3.0,130.0,1.0,8.0,3,3,2,2,2,3,2,2,3
EMP100694,Julia Hartanto,3.0,48,Middle,3.0,3.0,2.0,116.0,9.0,8.0,1,4,5,2,2,3,3,2,1
EMP100695,Joko Erlangga Subekti,4.0,4,Junior,4.0,3.0,4.0,86.0,3.0,5.0,2,5,6,1,1,2,1,2,4
EMP100696,Adi Halim Ananda,2.0,80,Senior,2.0,2.0,3.0,109.0,2.0,8.0,1,5,4,3,3,1,3,3,4
EMP100697,Teguh Zulfikar Siregar,1.0,61,Senior,1.0,1.0,1.0,134.0,2.0,7.0,4,4,1,3,3,2,3,5,3
EMP100698,Hadi Permadi,3.0,18,Middle,3.0,3.0,4.0,125.0,8.0,5.0,4,5,1,2,1,2,1,2,4
EMP100699,Kartika Rachman Suharto,3.0,15,Junior,3.0,2.0,3.0,123.0,7.0,9.0,3,4,6,2,2,4,3,2,4
EMP100700,Nugroho Ananda,3.0,51,Middle,4.0,3.0,2.0,94.0,6.0,5.0,6,2,1,2,1,1,2,1,1
EMP100701,Rani Fadillah Kusuma,2.0,86,Senior,2.0,3.0,3.0,132.0,7.0,9.0,2,1,2,2,3,1,3,5,3
EMP100702,Kurnia Utami,2.0,76,Senior,1.0,1.0,2.0,80.0,7.0,4.0,1,5,2,2,2,2,4,5,3
EMP100703,Dian Simanjuntak,3.0,30,Middle,3.0,2.0,2.0,109.0,9.0,7.0,5,3,3,1,3,1,1,4,1
EMP100704,Kartika Halim Wijaya,3.0,44,Middle,4.0,4.0,3.0,127.0,2.0,2.0,3,2,3,2,3,2,1,2,2
EMP100705,Gita Halim,3.0,31,Middle,3.0,3.0,3.0,115.0,4.0,8.0,2,5,5,3,2,3,3,2,2
EMP100706,Eko Jatmiko Mahendra,2.0,76,Senior,2.0,2.0,3.0,107.0,3.0,3.0,6,1,1,1,2,4,1,3,2
EMP100707,Adit Fauziah,2.0,86,Senior,2.0,3.0,3.0,105.0,9.0,6.0,6,1,6,1,3,4,2,2,1
EMP100708,Dian Hidayat,3.0,85,Senior,4.0,2.0,3.0,92.0,8.0,8.0,4,3,5,3,3,4,1,5,4
EMP100709,Citra Pramudita Ginting,1.0,33,Middle,2.0,1.0,3.0,121.0,8.0,1.0,3,3,1,1,2,2,1,5,4
EMP100711,Wulan Lestari,4.0,13,Junior,5.0,4.0,3.0,133.0,9.0,6.0,6,4,1,3,1,2,1,6,3
EMP100712,Dinda Tamba,3.0,84,Senior,3.0,3.0,4.0,109.0,3.0,8.0,2,2,4,1,2,3,4,6,1
EMP100713,Iman Indrawan,5.0,51,Middle,5.0,5.0,4.0,88.0,5.0,6.0,5,4,2,1,1,1,2,6,4
EMP100714,Anisa Fadillah Mahendra,3.0,35,Middle,2.0,2.0,3.0,119.0,7.0,8.0,6,5,2,2,2,1,1,5,2
EMP100715,Novi Yudhistira Herlambang,3.0,37,Middle,4.0,3.0,3.0,84.0,2.0,8.0,4,5,3,2,1,2,3,4,3
EMP100716,Rizka Iqbal Firmansyah,3.0,30,Middle,2.0,3.0,3.0,109.0,1.0,3.0,2,4,4,1,3,3,1,2,1
EMP100717,Nabila Utama Ananda,4.0,28,Middle,5.0,3.0,4.0,86.0,1.0,5.0,1,5,6,3,2,4,3,3,4
EMP100719,Dimas Gunawan,3.0,10,Junior,3.0,3.0,4.0,109.0,9.0,4.0,5,5,4,1,3,4,4,5,3
EMP100720,Bayu Lukman,4.0,44,Middle,3.0,5.0,4.0,107.0,5.0,1.0,4,1,5,2,3,2,1,2,1
EMP100721,Nadia Rachman Maulana,3.0,54,Middle,3.0,3.0,3.0,109.0,8.0,7.0,1,1,4,1,3,1,1,2,4
EMP100722,Nadia Zulfikar,4.0,68,Senior,3.0,4.0,4.0,126.0,1.0,8.0,6,3,5,3,1,3,1,4,1
EMP100723,Ayu Aji Permadi,5.0,35,Middle,5.0,5.0,5.0,89.0,5.0,2.0,5,1,1,3,2,4,1,2,2
EMP100724,Iman Fadillah Pratama,1.0,26,Middle,2.0,1.0,1.0,117.0,5.0,3.0,6,4,6,3,1,3,4,1,1
EMP100725,Evi Baskara Suharto,4.0,46,Middle,5.0,3.0,5.0,109.0,8.0,2.0,6,2,4,3,3,3,3,1,4
EMP100726,Fajar Pradana,4.0,76,Senior,4.0,5.0,0.0,105.0,9.0,8.0,3,3,1,1,2,2,1,1,2
EMP100727,Sari Utama Hidayat,5.0,41,Middle,5.0,5.0,5.0,110.0,3.0,9.0,3,2,1,3,2,2,4,6,4
EMP100728,Rani Pradana,3.0,75,Senior,3.0,3.0,3.0,103.0,5.0,3.0,4,3,1,1,2,4,4,1,1
EMP100729,Ayunda Zulfikar,3.0,102,Senior,3.0,3.0,2.0,109.0,5.0,1.0,3,3,2,1,2,2,3,2,2
EMP100730,Iman Yudhistira Gunawan,4.0,54,Middle,3.0,4.0,4.0,94.0,5.0,8.0,6,1,6,1,3,4,1,2,3
EMP100731,Adi Maulana,3.0,7,Junior,3.0,3.0,3.0,102.0,8.0,9.0,5,2,1,1,1,1,3,5,3
EMP100732,Ayunda Setiawan,4.0,68,Senior,4.0,4.0,4.0,121.0,8.0,7.0,5,1,6,2,2,3,1,6,2
EMP100733,Utami Purnama,4.0,46,Middle,1.0,2.0,3.0,116.0,5.0,1.0,6,2,3,1,1,4,3,5,4
EMP100734,Dimas Utami,1.0,14,Junior,1.0,1.0,1.0,94.0,3.0,6.0,3,3,3,2,2,4,1,5,3
EMP100735,Oka Suharto,1.0,87,Senior,1.0,1.0,1.0,136.0,6.0,7.0,5,3,2,1,2,4,4,5,1
EMP100736,Oktavia Situmorang,2.0,17,Junior,2.0,2.0,1.0,120.0,9.0,5.0,6,4,6,2,2,3,2,2,2
EMP100737,Dwi Mahardika Lukman,4.0,18,Middle,4.0,4.0,3.0,109.0,2.0,3.0,2,2,4,3,1,4,1,2,4
EMP100738,Ahmad Halim,2.0,48,Middle,2.0,2.0,1.0,140.0,4.0,1.0,6,1,3,1,1,3,4,4,4
EMP100739,Prasetyo Halim Wijaya,5.0,32,Middle,2.0,4.0,3.0,109.0,7.0,3.0,4,5,6,1,1,4,3,3,2
EMP100740,Cahyo Herlambang,3.0,91,Senior,3.0,3.0,3.0,135.0,4.0,4.0,4,4,2,1,1,4,2,1,4
EMP100742,Adi Dharma Rohman,4.0,67,Senior,4.0,4.0,3.0,129.0,2.0,8.0,2,2,6,1,1,1,3,3,2
EMP100744,Zaki Situmorang,1.0,58,Middle,1.0,2.0,2.0,109.0,1.0,7.0,5,2,1,3,3,1,2,6,4
EMP100745,Mahendra Utama Hartanto,3.0,40,Middle,2.0,3.0,3.0,122.0,5.0,8.0,6,5,6,2,1,1,2,2,2
EMP100746,Rizka Mahardika Indrawan,3.0,55,Middle,3.0,3.0,4.0,133.0,1.0,2.0,1,5,6,2,1,4,2,3,3
EMP100747,Tania Pratama,2.0,41,Middle,3.0,2.0,2.0,100.0,1.0,7.0,6,2,2,1,1,3,4,6,3
EMP100748,Nurlita Utami,3.0,92,Senior,3.0,3.0,3.0,109.0,6.0,5.0,3,1,4,2,1,1,1,2,4
EMP100749,Ayunda Indrawan,3.0,62,Senior,2.0,2.0,2.0,100.0,7.0,5.0,1,1,2,3,1,2,3,6,1
EMP100750,Joko Qolbi Hasibuan,5.0,36,Middle,5.0,5.0,5.0,98.0,6.0,5.0,2,2,6,2,3,3,2,2,4
EMP100751,Hana Indrawan,3.0,36,Middle,3.0,3.0,3.0,122.0,6.0,8.0,3,5,2,2,3,1,3,6,1
EMP100752,Intan Salsabila,1.0,28,Middle,1.0,1.0,1.0,81.0,4.0,2.0,1,4,6,2,2,3,3,4,2
EMP100753,Luthfi Fadillah Fauziah,1.0,25,Middle,2.0,3.0,1.0,121.0,9.0,2.0,1,3,6,1,2,1,1,3,3
EMP100754,Dian Iqbal Permadi,3.0,91,Senior,2.0,4.0,4.0,87.0,4.0,2.0,5,2,3,1,2,4,4,4,1
EMP100755,Iman Utami,4.0,127,Senior,3.0,4.0,3.0,97.0,1.0,4.0,1,4,3,2,2,2,2,5,2
EMP100756,Ari Herlambang,3.0,68,Senior,3.0,4.0,4.0,114.0,5.0,3.0,3,2,1,1,2,2,1,4,3
EMP100757,Prasetyo Rohman,3.0,71,Senior,4.0,2.0,2.0,130.0,5.0,2.0,4,3,1,1,3,4,4,2,1
EMP100758,Dwi Adi Maulana,5.0,73,Senior,5.0,5.0,4.0,97.0,8.0,2.0,3,3,5,2,3,3,4,4,3
EMP100759,Rendra Nabila Maulida,2.0,42,Middle,2.0,3.0,2.0,128.0,6.0,5.0,6,2,5,2,2,1,1,4,1
EMP100760,Cahyo Tri Herlambang,3.0,62,Senior,3.0,3.0,4.0,112.0,9.0,2.0,2,5,5,3,2,1,1,6,3
EMP100761,Maya Situmorang,5.0,57,Middle,5.0,5.0,5.0,94.0,4.0,5.0,3,5,6,1,2,2,2,3,2
EMP100762,Valdo Kusuma Tamba,2.0,41,Middle,3.0,1.0,2.0,90.0,1.0,7.0,6,1,1,1,2,2,3,1,1
EMP100763,Budi Pamungkas,3.0,40,Middle,3.0,4.0,3.0,135.0,6.0,3.0,1,2,1,2,1,1,1,4,3
EMP100764,Nugroho Pradana,3.0,19,Middle,3.0,2.0,3.0,110.0,4.0,9.0,5,1,6,1,1,4,4,1,1
EMP100765,Utami Hidayat,3.0,80,Senior,3.0,3.0,3.0,100.0,4.0,6.0,1,4,1,1,2,1,1,5,1
EMP100766,Zaki Adi Utami,2.0,12,Junior,2.0,2.0,1.0,120.0,2.0,2.0,2,5,6,2,1,3,4,5,4
EMP100767,Zahra Hasibuan,3.0,47,Middle,3.0,3.0,3.0,109.0,8.0,5.0,6,3,5,2,1,1,2,5,3
EMP100768,Nurlita Fadillah Kusuma,1.0,79,Senior,1.0,2.0,1.0,129.0,8.0,4.0,5,1,6,1,2,3,3,4,2
EMP100769,Ari Halim,3.0,24,Middle,3.0,2.0,3.0,80.0,7.0,5.0,6,5,1,3,3,2,2,5,1
EMP100770,Arif Qolbi Saputra,2.0,59,Middle,3.0,2.0,2.0,109.0,2.0,8.0,2,1,1,3,3,1,1,4,3
EMP100771,Rani Aji Herlambang,4.0,68,Senior,5.0,4.0,4.0,109.0,7.0,7.0,5,5,4,2,3,1,2,4,2
EMP100772,Ayunda Subekti,3.0,26,Middle,2.0,4.0,3.0,88.0,2.0,4.0,4,3,6,2,2,3,1,1,4
EMP100773,Ayu Hidayat,3.0,21,Middle,4.0,3.0,3.0,130.0,7.0,2.0,3,3,2,2,3,3,3,3,4
EMP100774,Maya Sinaga,1.0,41,Middle,1.0,1.0,1.0,83.0,2.0,6.0,1,5,5,3,3,3,1,4,3
EMP100775,Kartika Anggara,2.0,61,Senior,2.0,2.0,2.0,104.0,6.0,7.0,3,1,5,2,1,4,3,3,3
EMP100776,Yuni Gunawan,3.0,62,Senior,4.0,2.0,3.0,139.0,3.0,4.0,2,1,6,2,2,2,4,3,1
EMP100777,Ahmad Fadillah Pratama,1.0,87,Senior,2.0,1.0,1.0,113.0,8.0,6.0,3,3,1,2,2,1,3,5,3
EMP100778,Arif Qolbi Suharto,4.0,77,Senior,4.0,4.0,4.0,109.0,2.0,7.0,5,5,3,2,1,3,1,6,4
EMP100780,Luthfi Pamungkas,4.0,12,Junior,3.0,3.0,4.0,118.0,5.0,5.0,5,2,3,2,3,3,2,5,2
EMP100781,Bayu Yulianto,3.0,76,Senior,3.0,3.0,3.0,131.0,1.0,4.0,2,3,2,2,2,2,3,6,4
EMP100782,Adit Utama Siregar,3.0,113,Senior,3.0,3.0,3.0,109.0,3.0,5.0,1,3,4,1,3,4,4,6,1
EMP100783,Kartika Wijaya Permadi,4.0,86,Senior,5.0,5.0,4.0,128.0,3.0,5.0,2,4,5,1,3,1,3,2,3
EMP100784,Rendra Yulianto,1.0,37,Middle,1.0,1.0,1.0,101.0,8.0,2.0,3,5,1,1,3,4,4,2,1
EMP100785,Umar Fadillah Handayani,5.0,63,Senior,5.0,3.0,5.0,96.0,2.0,1.0,2,5,3,3,2,1,4,4,2
EMP100786,Nadia Baskara Halim,1.0,62,Senior,1.0,1.0,1.0,88.0,6.0,5.0,5,5,3,3,3,3,2,3,4
EMP100787,Iman Lestari Tamba,4.0,107,Senior,3.0,3.0,4.0,101.0,1.0,3.0,3,5,5,1,1,3,1,6,4
EMP100788,Bayu Kusuma Hidayat,1.0,97,Senior,1.0,3.0,3.0,139.0,2.0,8.0,1,1,1,1,2,2,4,2,2
EMP100789,Oka Halim Setiawan,4.0,72,Senior,3.0,4.0,4.0,125.0,7.0,2.0,4,5,3,2,3,3,1,3,3
EMP100790,Joko Tri Lestari,1.0,78,Senior,2.0,3.0,1.0,126.0,9.0,2.0,1,4,6,3,3,4,4,5,1
EMP100791,Rizki Saputra,2.0,55,Middle,2.0,1.0,3.0,126.0,5.0,1.0,2,4,5,2,1,3,4,2,3
EMP100793,Zahra Rohman,4.0,89,Senior,4.0,4.0,4.0,133.0,8.0,7.0,4,3,6,1,1,3,1,6,1
EMP100794,Wulan Kusuma Mahendra,3.0,56,Middle,3.0,3.0,3.0,109.0,7.0,1.0,1,1,2,1,3,3,4,5,4
EMP100795,Nugroho Nugroho,3.0,37,Middle,4.0,4.0,3.0,126.0,6.0,7.0,3,3,3,2,2,4,3,3,4
EMP100796,Adi Ridwan,4.0,31,Middle,3.0,4.0,5.0,95.0,2.0,7.0,6,5,1,2,3,4,3,1,4
EMP100797,Rani Maulida,3.0,67,Senior,4.0,2.0,3.0,122.0,8.0,1.0,5,2,6,3,3,1,1,2,4
EMP100798,Valdo Rachman Wibowo,1.0,55,Middle,2.0,1.0,1.0,132.0,6.0,6.0,6,5,5,3,2,2,3,5,4
EMP100800,Intan Wibowo,2.0,19,Middle,2.0,2.0,3.0,86.0,2.0,1.0,6,5,5,2,2,3,3,4,2
EMP100801,Umar Ridwan,2.0,41,Middle,2.0,1.0,3.0,110.0,1.0,1.0,4,1,5,2,3,3,3,1,3
EMP100802,Dimas Kusuma Indrawan,4.0,82,Senior,4.0,5.0,5.0,112.0,9.0,9.0,1,1,3,2,3,3,3,4,1
EMP100803,Maya Kusuma Putra,5.0,97,Senior,5.0,5.0,5.0,136.0,6.0,4.0,5,2,6,3,2,3,4,1,2
EMP100804,Luthfi Hidayat,3.0,40,Middle,2.0,3.0,6.0,109.0,4.0,6.0,5,5,4,2,3,3,1,3,2
EMP100805,Oktavia Pratama,4.0,33,Middle,1.0,3.0,3.0,126.0,2.0,9.0,5,5,3,2,2,4,1,6,4
EMP100807,Cahyo Pradana,3.0,36,Middle,2.0,3.0,2.0,109.0,8.0,4.0,1,3,4,3,2,3,1,6,3
EMP100808,Mahendra Firmansyah,2.0,114,Senior,3.0,2.0,3.0,107.0,5.0,7.0,4,3,3,2,2,2,1,2,3
EMP100809,Dian Nugroho,2.0,69,Senior,3.0,2.0,1.0,95.0,3.0,1.0,5,4,3,2,2,2,3,1,3
EMP100810,Mahendra Tri Permadi,3.0,65,Senior,4.0,3.0,2.0,109.0,7.0,7.0,4,4,4,3,3,1,2,3,3
EMP100811,Tania Aji Ramadhan,3.0,49,Middle,3.0,3.0,3.0,113.0,8.0,4.0,2,3,3,1,1,4,1,3,2
EMP100812,Lestari Herlambang,4.0,63,Senior,4.0,5.0,5.0,110.0,9.0,7.0,3,5,6,2,2,4,2,3,3
EMP100813,Vania Baskara Utami,3.0,26,Middle,3.0,3.0,4.0,80.0,4.0,9.0,3,4,2,3,3,3,3,4,4
EMP100814,Vania Setiawan,3.0,75,Senior,2.0,3.0,3.0,94.0,5.0,8.0,3,4,1,1,1,4,2,2,3
EMP100815,Andi Dharma Saputra,3.0,77,Senior,3.0,3.0,3.0,135.0,5.0,4.0,5,5,2,1,2,1,4,2,1
EMP100816,Bella Aji Ginting,2.0,89,Senior,2.0,2.0,3.0,109.0,5.0,5.0,1,4,4,3,2,2,4,5,1
EMP100817,Oka Handayani,4.0,37,Middle,4.0,5.0,4.0,140.0,5.0,8.0,6,4,6,2,1,2,4,4,1
EMP100818,Fajar Qolbi Rahmawati,4.0,85,Senior,5.0,4.0,4.0,124.0,7.0,5.0,5,1,6,3,1,2,2,3,4
EMP100819,Prasetyo Kusuma Putra,4.0,54,Middle,4.0,4.0,4.0,103.0,1.0,9.0,6,2,1,1,2,1,1,6,1
EMP100820,Rizky Pratama,4.0,17,Junior,5.0,4.0,4.0,98.0,5.0,4.0,6,3,3,2,2,2,1,1,4
EMP100821,Kartika Saputra,4.0,35,Middle,4.0,5.0,3.0,132.0,9.0,7.0,1,5,6,3,3,1,4,5,4
EMP100822,Maya Lukman,3.0,42,Middle,2.0,2.0,4.0,95.0,2.0,6.0,6,2,3,1,3,4,2,3,4
EMP100823,Hana Aji Hidayat,4.0,10,Junior,3.0,3.0,5.0,123.0,5.0,1.0,6,2,1,2,3,4,4,4,2
EMP100824,Intan Suharto,1.0,54,Middle,1.0,1.0,1.0,127.0,2.0,3.0,6,1,3,1,3,3,3,2,3
EMP100826,Ayu Rachman Subekti,3.0,99,Senior,2.0,3.0,3.0,125.0,8.0,4.0,5,5,1,1,3,4,1,1,2
EMP100827,Oktavia Candra Kurniawan,4.0,55,Middle,4.0,3.0,3.0,118.0,5.0,4.0,2,2,2,2,2,1,3,2,4
EMP100828,Umar Hidayat,3.0,15,Junior,3.0,3.0,3.0,92.0,8.0,5.0,5,1,6,1,2,4,1,2,2
EMP100829,Bayu Wibowo,4.0,50,Middle,4.0,4.0,4.0,109.0,7.0,4.0,2,1,2,2,2,4,4,5,2
EMP100830,Hana Herlambang,5.0,13,Junior,5.0,5.0,5.0,132.0,3.0,5.0,1,2,5,1,3,4,4,1,4
EMP100832,Eko Suharto,3.0,58,Middle,3.0,3.0,4.0,109.0,9.0,1.0,3,2,4,1,1,4,4,2,3
EMP100833,Andi Wijaya,4.0,18,Middle,3.0,4.0,3.0,104.0,5.0,9.0,2,2,5,2,1,4,4,3,2
EMP100834,Nadia Rachman Pratomo,4.0,16,Junior,5.0,3.0,5.0,107.0,5.0,5.0,6,5,5,3,3,3,3,6,3
EMP100835,Nurlita Purnama,2.0,52,Middle,2.0,2.0,2.0,109.0,5.0,7.0,1,5,5,2,2,1,4,6,1
EMP100836,Luthfi Simanjuntak,5.0,57,Middle,5.0,5.0,4.0,105.0,5.0,1.0,1,3,5,1,3,3,4,6,1
EMP100839,Yuni Rohman,3.0,85,Senior,3.0,2.0,3.0,125.0,1.0,9.0,2,1,3,3,3,4,2,2,1
EMP100840,Sari Halim Ramadhan,1.0,77,Senior,2.0,2.0,1.0,109.0,9.0,3.0,5,4,4,3,1,1,1,1,1
EMP100841,Zaki Syahputra,4.0,58,Middle,4.0,4.0,4.0,96.0,5.0,6.0,6,4,2,2,3,4,3,5,2
EMP100842,Umar Candra Siregar,4.0,90,Senior,5.0,4.0,4.0,136.0,1.0,8.0,1,5,6,1,3,2,1,1,3
EMP100843,Dinda Kurniawan,3.0,63,Senior,3.0,3.0,3.0,122.0,4.0,2.0,2,2,2,3,1,2,3,2,2
EMP100844,Rizka Gunawan,4.0,81,Senior,4.0,4.0,3.0,94.0,8.0,5.0,3,4,1,3,3,4,3,2,3
EMP100845,Rama Qolbi Maulana,2.0,29,Middle,2.0,1.0,3.0,109.0,3.0,7.0,3,2,4,1,3,1,4,5,4
EMP100846,Zaki Rahmawati,1.0,61,Senior,1.0,2.0,2.0,108.0,8.0,2.0,6,2,3,2,1,4,1,6,3
EMP100847,Oka Saputra Sinaga,4.0,54,Middle,3.0,4.0,4.0,106.0,5.0,3.0,4,1,1,3,2,2,4,1,3
EMP100848,Rifqi Hartanto,3.0,41,Middle,3.0,3.0,4.0,108.0,8.0,9.0,1,1,2,3,3,4,1,3,3
EMP100850,Eko Mahardika Suharto,4.0,57,Middle,4.0,3.0,4.0,109.0,9.0,7.0,2,3,4,1,1,3,2,4,1
EMP100851,Ari Pratama,3.0,57,Middle,3.0,4.0,3.0,137.0,1.0,2.0,2,2,2,2,2,2,2,4,3
EMP100852,Anisa Siregar,2.0,33,Middle,3.0,3.0,1.0,115.0,2.0,1.0,2,3,2,1,1,4,4,5,3
EMP100853,Umar Zulfikar,4.0,67,Senior,4.0,4.0,3.0,89.0,5.0,5.0,2,5,3,1,3,2,1,6,3
EMP100854,Rama Putra,2.0,87,Senior,3.0,2.0,2.0,126.0,5.0,9.0,4,1,5,1,2,3,4,1,4
EMP100855,Satya Tamba,2.0,13,Junior,1.0,1.0,3.0,128.0,2.0,7.0,5,2,2,1,3,1,4,5,2
EMP100856,Ahmad Pratama,1.0,77,Senior,1.0,1.0,2.0,94.0,1.0,6.0,6,3,5,3,2,2,4,2,3
EMP100858,Maya Fadillah Utami,4.0,63,Senior,3.0,4.0,4.0,135.0,8.0,9.0,5,4,6,2,3,1,1,3,1
EMP100859,Vania Indrawan,4.0,81,Senior,4.0,3.0,4.0,109.0,3.0,2.0,1,3,4,3,3,1,4,2,4
EMP100860,Bella Anugrah Rohman,4.0,67,Senior,0.0,4.0,4.0,135.0,4.0,5.0,1,3,6,2,2,4,3,1,4
EMP100861,Yoga Putra,3.0,44,Middle,3.0,3.0,3.0,92.0,1.0,5.0,3,4,6,2,2,2,2,6,4
EMP100862,Ayu Saputra,3.0,85,Senior,2.0,3.0,4.0,106.0,7.0,6.0,2,5,3,3,2,4,4,4,3
EMP100863,Zaki Lestari Rohman,4.0,21,Middle,3.0,3.0,4.0,89.0,5.0,3.0,2,1,5,2,1,2,3,5,1
EMP100864,Ayu Rohman,3.0,53,Middle,3.0,3.0,4.0,133.0,6.0,5.0,4,2,6,2,1,4,2,3,1
EMP100865,Anisa Pramudita Pamungkas,4.0,15,Junior,4.0,5.0,5.0,122.0,6.0,5.0,6,2,6,3,1,1,4,1,4
EMP100867,Umar Suharto,2.0,74,Senior,2.0,2.0,2.0,84.0,5.0,4.0,3,2,3,2,3,1,4,3,4
EMP100868,Ayunda Iqbal Situmorang,1.0,56,Middle,1.0,1.0,1.0,117.0,2.0,2.0,2,1,3,3,1,3,4,6,1
EMP100869,Budi Wibowo,4.0,64,Senior,4.0,4.0,4.0,130.0,5.0,3.0,3,1,5,2,1,4,1,5,3
EMP100870,Dwi Halim Subekti,3.0,43,Middle,2.0,3.0,3.0,97.0,2.0,5.0,4,1,2,2,2,1,4,4,1
EMP100871,Rizka Anggara,3.0,23,Middle,3.0,3.0,3.0,116.0,1.0,7.0,2,3,5,2,1,3,2,5,3
EMP100872,Citra Maulana,1.0,38,Middle,3.0,1.0,3.0,101.0,9.0,4.0,1,4,6,1,1,1,2,3,1
EMP100873,Teguh Wijaya,4.0,14,Junior,5.0,3.0,4.0,109.0,2.0,5.0,6,3,4,3,3,4,4,5,3
EMP100874,Putri Fadillah Sinaga,2.0,59,Middle,3.0,3.0,2.0,109.0,4.0,5.0,6,1,4,2,2,2,4,3,2
EMP100875,Teguh Zulfikar Rahmawati,4.0,61,Senior,4.0,3.0,4.0,125.0,1.0,7.0,1,1,5,1,1,1,2,2,3
EMP100876,Nugroho Lestari,2.0,73,Senior,2.0,2.0,3.0,90.0,2.0,8.0,5,4,2,3,3,3,4,2,4
EMP100877,Bella Herlambang,3.0,31,Middle,2.0,4.0,3.0,109.0,7.0,6.0,4,5,4,3,2,4,1,3,2
EMP100878,Citra Purnama,3.0,26,Middle,6.0,4.0,4.0,83.0,6.0,8.0,4,5,1,1,3,2,4,1,3
EMP100879,Evi Mahendra,2.0,18,Middle,2.0,2.0,3.0,116.0,8.0,4.0,1,2,5,2,2,4,4,5,4
EMP100880,Zahra Siregar,4.0,64,Senior,4.0,3.0,4.0,92.0,6.0,1.0,2,3,6,1,2,2,3,5,1
EMP100881,Kartika Purnama,5.0,20,Middle,5.0,5.0,5.0,89.0,8.0,2.0,5,2,6,2,3,3,2,6,3
EMP100882,Dinda Wijaya,4.0,19,Middle,4.0,4.0,4.0,109.0,6.0,4.0,6,3,1,3,2,2,2,4,4
EMP100883,Dian Lestari,2.0,83,Senior,3.0,2.0,2.0,109.0,4.0,1.0,3,2,4,1,3,2,2,6,1
EMP100884,Rizki Utama Kurniawan,4.0,64,Senior,4.0,4.0,4.0,124.0,4.0,5.0,4,5,1,1,1,3,1,5,3
EMP100885,Gita Yudhistira Mahendra,1.0,59,Middle,3.0,1.0,1.0,100.0,8.0,7.0,6,3,3,3,3,4,1,6,3
EMP100886,Galih Utami,3.0,32,Middle,3.0,3.0,3.0,112.0,5.0,5.0,1,1,1,1,3,2,1,1,3
EMP100887,Fitri Halim Firmansyah,1.0,61,Senior,1.0,1.0,1.0,109.0,6.0,3.0,5,5,4,2,2,1,2,5,4
EMP100888,Anisa Wijaya Ginting,3.0,65,Senior,3.0,3.0,3.0,112.0,2.0,7.0,5,1,1,2,3,2,3,6,2
EMP100890,Valdo Anggara,4.0,0,Junior,4.0,4.0,4.0,126.0,6.0,7.0,2,5,2,1,2,2,3,5,2
EMP100891,Rendra Maulida,4.0,80,Senior,4.0,4.0,4.0,94.0,5.0,5.0,1,5,3,1,2,4,1,6,2
EMP100892,Joko Jatmiko Maulida,3.0,18,Middle,3.0,3.0,2.0,113.0,8.0,9.0,5,1,1,2,3,3,1,4,2
EMP100893,Nabila Maulida,3.0,63,Senior,2.0,4.0,4.0,109.0,6.0,5.0,4,2,6,2,1,1,2,4,2
EMP100894,Arif Aji Utami,3.0,3,Junior,3.0,3.0,3.0,137.0,6.0,6.0,2,4,6,2,2,4,4,4,3
EMP100895,Wahyu Tri Subekti,3.0,43,Middle,2.0,3.0,3.0,84.0,4.0,8.0,4,5,6,2,2,2,3,5,4
EMP100897,Galih Saputra Siregar,2.0,38,Middle,2.0,6.0,3.0,98.0,3.0,4.0,5,4,3,3,3,3,3,1,4
EMP100898,Dewi Permadi,3.0,66,Senior,3.0,2.0,3.0,103.0,1.0,5.0,1,5,2,3,3,1,4,6,4
EMP100899,Vania Handayani,3.0,56,Middle,3.0,3.0,4.0,112.0,1.0,2.0,4,1,2,2,2,1,1,4,2
EMP100900,Prasetyo Hartanto,3.0,31,Middle,2.0,2.0,3.0,91.0,2.0,9.0,5,3,5,3,2,4,4,1,2
EMP100901,Valdo Siregar,3.0,50,Middle,4.0,4.0,3.0,83.0,6.0,3.0,3,3,2,3,3,2,2,1,2
EMP100902,Eko Iqbal Mahendra,2.0,29,Middle,2.0,3.0,1.0,129.0,5.0,8.0,6,3,5,2,3,4,4,1,4
EMP100903,Budi Ridwan,2.0,56,Middle,3.0,3.0,3.0,115.0,8.0,8.0,1,3,6,3,1,2,4,1,1
EMP100904,Julia Zulfikar,1.0,19,Middle,1.0,3.0,3.0,126.0,2.0,1.0,3,2,2,1,3,3,2,4,1
EMP100905,Hadi Yudhistira Subekti,3.0,49,Middle,3.0,3.0,3.0,125.0,5.0,4.0,2,4,1,1,2,3,1,3,3
EMP100907,Yuni Aji Wijaya,3.0,26,Middle,3.0,3.0,3.0,109.0,3.0,2.0,6,4,4,3,1,4,2,3,2
EMP100908,Ahmad Utama Mahendra,3.0,42,Middle,3.0,3.0,3.0,109.0,8.0,9.0,2,1,4,1,1,3,1,1,4
EMP100909,Valdo Wijaya Syahputra,5.0,54,Middle,5.0,5.0,5.0,109.0,4.0,5.0,4,5,4,3,3,1,2,2,1
EMP100910,Hadi Iqbal Pratama,1.0,66,Senior,1.0,1.0,1.0,111.0,9.0,1.0,4,3,1,1,3,3,3,2,4
EMP100911,Prasetyo Halim Syahputra,2.0,11,Junior,3.0,1.0,2.0,87.0,6.0,4.0,3,5,3,1,2,2,4,3,2
EMP100912,Mahendra Tamba,3.0,37,Middle,3.0,2.0,4.0,101.0,1.0,9.0,2,4,5,1,2,3,1,1,1
EMP100913,Wahyu Ginting,4.0,28,Middle,4.0,3.0,3.0,109.0,1.0,9.0,4,3,3,1,1,1,4,2,1
EMP100914,Fitri Firmansyah,3.0,47,Middle,3.0,2.0,3.0,115.0,4.0,7.0,4,3,3,1,3,2,2,3,4
EMP100915,Fajar Setiawan,3.0,46,Middle,3.0,2.0,4.0,109.0,4.0,7.0,4,4,2,1,3,4,1,3,1
EMP100916,Utami Ginting,1.0,56,Middle,1.0,1.0,1.0,95.0,1.0,5.0,4,2,3,3,3,4,1,5,3
EMP100917,Arif Santoso,3.0,49,Middle,2.0,4.0,3.0,85.0,2.0,3.0,2,5,5,2,2,4,1,3,1
EMP100918,Yuni Lestari,3.0,72,Senior,2.0,3.0,4.0,137.0,2.0,6.0,4,3,1,3,3,1,3,3,3
EMP100919,Vania Kusuma,4.0,65,Senior,3.0,3.0,3.0,140.0,5.0,1.0,1,4,2,2,3,1,3,5,4
EMP100920,Rifqi Tamba,2.0,2,Junior,3.0,2.0,2.0,135.0,5.0,2.0,2,3,1,2,3,1,3,2,4
EMP100922,Hana Hasibuan,3.0,66,Senior,3.0,2.0,2.0,121.0,1.0,6.0,5,2,3,1,2,3,1,4,4
EMP100923,Arif Qolbi Fauziah,2.0,18,Middle,2.0,3.0,2.0,132.0,3.0,2.0,4,1,6,1,1,1,1,2,3
EMP100924,Julia Yudhistira Lukman,5.0,52,Middle,5.0,4.0,5.0,101.0,5.0,9.0,5,3,6,1,3,1,3,5,1
EMP100925,Yuni Putra,4.0,39,Middle,4.0,4.0,4.0,134.0,8.0,4.0,3,1,6,2,3,3,3,6,2
EMP100926,Intan Candra Rahmawati,5.0,78,Senior,5.0,5.0,5.0,122.0,6.0,8.0,5,5,1,3,3,2,3,5,2
EMP100927,Maya Kusuma,3.0,65,Senior,3.0,4.0,4.0,139.0,3.0,2.0,4,2,1,3,3,2,2,4,2
EMP100928,Zaki Yudhistira Rohman,4.0,34,Middle,4.0,3.0,4.0,88.0,8.0,6.0,4,5,1,3,2,2,1,1,4
EMP100929,Anisa Mahardika Utami,1.0,71,Senior,1.0,2.0,2.0,135.0,7.0,2.0,2,4,5,2,3,1,3,2,1
EMP100930,Intan Aji Hartanto,3.0,114,Senior,3.0,4.0,2.0,109.0,3.0,1.0,3,1,4,1,2,2,1,6,3
EMP100931,Rani Wijaya,3.0,39,Middle,3.0,3.0,3.0,109.0,4.0,5.0,2,1,4,2,3,1,1,2,1
EMP100932,Ahmad Kurniawan,2.0,95,Senior,3.0,2.0,3.0,109.0,1.0,5.0,3,1,5,1,2,4,4,2,3
EMP100933,Ahmad Anggara,2.0,22,Middle,2.0,1.0,2.0,101.0,5.0,7.0,3,1,2,1,3,3,3,6,2
EMP100934,Rifqi Salsabila,4.0,68,Senior,3.0,4.0,3.0,109.0,9.0,1.0,4,1,4,3,2,1,1,6,1
EMP100935,Evi Erlangga Herlambang,4.0,43,Middle,3.0,5.0,4.0,140.0,8.0,7.0,5,5,5,3,1,2,4,4,4
EMP100936,Sari Wijaya,1.0,16,Junior,1.0,1.0,2.0,109.0,3.0,5.0,6,4,4,3,3,4,3,3,2
EMP100939,Rizka Lukman,2.0,48,Middle,2.0,3.0,3.0,94.0,4.0,5.0,4,5,1,3,3,4,1,4,1
EMP100940,Intan Mahendra,2.0,12,Junior,2.0,3.0,2.0,82.0,9.0,2.0,3,4,1,2,3,3,1,2,4
EMP100941,Joko Firmansyah,2.0,61,Senior,1.0,3.0,2.0,109.0,5.0,5.0,2,5,4,2,3,3,2,1,3
EMP100942,Citra Wijaya Sinaga,3.0,34,Middle,3.0,2.0,4.0,99.0,5.0,6.0,6,3,5,1,1,4,1,2,3
EMP100943,Rama Aji Purnama,3.0,34,Middle,3.0,3.0,3.0,107.0,4.0,5.0,5,5,2,3,3,2,3,6,4
EMP100944,Adit Utama Wijaya,1.0,86,Senior,1.0,1.0,2.0,126.0,7.0,7.0,6,4,1,3,3,4,1,3,2
EMP100945,Tania Dharma Siregar,4.0,60,Senior,4.0,5.0,4.0,111.0,5.0,1.0,4,4,1,3,1,4,3,6,3
EMP100946,Andi Tamba,1.0,32,Middle,2.0,99.0,1.0,109.0,9.0,8.0,4,1,4,1,1,1,2,5,4
EMP100947,Maya Herlambang,6.0,49,Middle,4.0,5.0,5.0,89.0,9.0,7.0,2,4,3,1,3,2,1,5,1
EMP100948,Iman Permadi,2.0,56,Middle,2.0,3.0,3.0,109.0,1.0,4.0,2,4,4,1,3,2,2,4,3
EMP100949,Joko Saputra Ramadhan,2.0,14,Junior,2.0,1.0,3.0,139.0,4.0,5.0,1,2,2,2,1,4,3,6,2
EMP100950,Budi Rohman,3.0,70,Senior,3.0,3.0,3.0,108.0,9.0,8.0,4,4,3,2,2,4,1,2,2
EMP100951,Rama Rachman Wijaya,2.0,20,Middle,2.0,1.0,2.0,140.0,7.0,2.0,2,5,1,3,2,2,1,1,2
EMP100952,Yuni Lukman,3.0,20,Middle,3.0,4.0,3.0,80.0,3.0,5.0,3,2,3,2,1,1,4,2,1
EMP100954,Ayu Yudhistira Ridwan,3.0,3,Junior,3.0,4.0,3.0,90.0,9.0,4.0,5,3,3,3,2,3,2,3,2
EMP100955,Evi Lestari Wibowo,3.0,48,Middle,2.0,4.0,3.0,118.0,3.0,8.0,4,5,2,2,2,1,2,1,4
EMP100956,Anisa Suharto,3.0,39,Middle,4.0,4.0,3.0,120.0,5.0,9.0,2,3,3,2,3,1,3,5,3
EMP100957,Julia Zulfikar Saputra,4.0,43,Middle,4.0,5.0,3.0,90.0,2.0,1.0,2,3,1,2,1,1,4,6,3
EMP100958,Arif Wijaya Pamungkas,5.0,79,Senior,5.0,4.0,5.0,109.0,4.0,9.0,1,1,4,1,2,4,2,2,4
EMP100959,Mahendra Fadillah Ananda,3.0,35,Middle,4.0,3.0,3.0,117.0,5.0,5.0,5,5,1,2,2,1,1,3,4
EMP100961,Dinda Siregar,4.0,29,Middle,4.0,5.0,4.0,92.0,3.0,9.0,3,2,6,1,3,3,1,5,1
EMP100962,Kartika Wibowo,5.0,40,Middle,5.0,5.0,5.0,135.0,5.0,6.0,5,3,1,2,3,4,1,6,3
EMP100963,Ahmad Permadi,5.0,56,Middle,3.0,2.0,4.0,109.0,5.0,9.0,4,1,4,2,3,3,3,3,2
EMP100964,Cahyo Ginting,5.0,62,Senior,3.0,5.0,5.0,109.0,2.0,6.0,4,5,4,1,2,2,1,5,1
EMP100966,Ayu Wijaya Hasibuan,2.0,59,Middle,1.0,3.0,1.0,140.0,9.0,2.0,4,4,6,2,1,2,2,2,2
EMP100967,Joko Lestari,3.0,42,Middle,2.0,3.0,3.0,99.0,8.0,7.0,5,5,3,1,1,4,1,4,2
EMP100969,Nugroho Lukman,4.0,53,Middle,4.0,3.0,5.0,117.0,3.0,8.0,5,1,5,2,2,3,2,6,1
EMP100970,Zaki Candra Ramadhan,4.0,26,Middle,4.0,4.0,4.0,108.0,6.0,5.0,3,5,6,1,2,4,4,1,2
EMP100971,Lestari Ananda,3.0,22,Middle,4.0,3.0,2.0,102.0,8.0,5.0,4,5,2,2,3,1,4,1,2
EMP100972,Dian Lukman,5.0,72,Senior,2.0,2.0,4.0,109.0,3.0,6.0,2,5,4,3,2,4,3,6,2
EMP100973,Anisa Wijaya,3.0,45,Middle,3.0,3.0,3.0,114.0,2.0,5.0,1,4,3,2,2,1,1,6,3
EMP100974,Luthfi Lestari,3.0,43,Middle,3.0,2.0,2.0,109.0,4.0,3.0,2,2,4,3,1,2,1,4,4
EMP100976,Budi Suharto,2.0,72,Senior,1.0,1.0,2.0,92.0,5.0,7.0,3,5,2,3,2,1,4,1,2
EMP100978,Ari Aji Pratama,2.0,8,Junior,2.0,2.0,2.0,134.0,8.0,5.0,3,4,5,3,3,4,2,6,1
EMP100979,Anisa Mahardika Pradana,2.0,87,Senior,2.0,3.0,3.0,111.0,4.0,9.0,3,1,5,2,3,3,4,5,4
EMP100980,Evi Nabila Siregar,4.0,39,Middle,4.0,4.0,4.0,124.0,4.0,9.0,6,3,1,2,2,1,1,3,4
EMP100981,Bayu Anugrah Sinaga,3.0,66,Senior,4.0,3.0,3.0,138.0,7.0,6.0,3,2,3,1,1,1,2,3,2
EMP100982,Hana Wijaya,4.0,15,Junior,3.0,4.0,5.0,94.0,8.0,9.0,5,5,6,3,3,3,1,1,2
EMP100983,Iman Mahardika Utami,3.0,67,Senior,4.0,4.0,3.0,120.0,8.0,5.0,3,2,1,3,3,1,1,2,4
EMP100984,Wulan Zulfikar Lestari,1.0,33,Middle,2.0,3.0,2.0,118.0,8.0,6.0,2,1,2,2,1,4,3,1,2
EMP100985,Sari Halim Fauziah,1.0,27,Middle,1.0,1.0,1.0,89.0,7.0,1.0,3,1,3,3,1,3,4,3,4
EMP100986,Novi Tamba,3.0,65,Senior,2.0,1.0,1.0,101.0,6.0,5.0,3,1,2,3,3,4,3,5,2
EMP100987,Prasetyo Purnama,5.0,44,Middle,5.0,5.0,5.0,109.0,7.0,2.0,1,1,4,1,3,2,2,2,3
EMP100988,Prasetyo Zulfikar,5.0,40,Middle,5.0,3.0,5.0,116.0,5.0,8.0,2,3,6,2,2,2,3,1,2
EMP100989,Hadi Yudhistira Siregar,4.0,38,Middle,5.0,4.0,4.0,109.0,7.0,1.0,5,2,5,1,1,4,3,2,1
EMP100990,Oka Ananda,5.0,59,Middle,4.0,4.0,3.0,109.0,2.0,1.0,6,2,4,3,1,4,1,6,3
EMP100991,Lestari Lukman,4.0,35,Middle,3.0,5.0,3.0,109.0,5.0,6.0,6,2,4,2,1,4,1,2,4
EMP100993,Wulan Purnama,4.0,36,Middle,4.0,5.0,5.0,127.0,5.0,2.0,2,5,5,3,3,1,3,3,4
EMP100994,Rizka Kusuma Rahmawati,3.0,80,Senior,3.0,3.0,2.0,136.0,4.0,2.0,4,2,2,1,2,2,3,5,1
EMP100996,Anisa Saputra,4.0,56,Middle,4.0,3.0,4.0,106.0,2.0,8.0,1,2,2,1,2,2,1,4,1
EMP100997,Dwi Setiawan,3.0,88,Senior,3.0,3.0,4.0,105.0,5.0,8.0,6,2,6,1,1,4,1,6,3
EMP100998,Citra Pratama,4.0,60,Senior,3.0,4.0,4.0,102.0,8.0,5.0,1,2,5,2,2,1,4,4,1
EMP100999,Rani Pratama,3.0,7,Junior,3.0,3.0,3.0,136.0,2.0,5.0,5,4,1,3,1,4,3,3,3
EMP101000,Eko Maulida,3.0,27,Middle,3.0,2.0,4.0,116.0,3.0,7.0,3,4,6,3,2,1,2,5,1
EMP101001,Maya Siregar,4.0,42,Middle,3.0,3.0,4.0,119.0,2.0,1.0,2,5,1,2,2,2,4,3,3
EMP101002,Hadi Pratama,2.0,72,Senior,1.0,3.0,1.0,85.0,7.0,6.0,2,4,2,2,1,2,4,4,1
EMP101003,Bella Utama Zulfikar,4.0,55,Middle,4.0,4.0,3.0,100.0,6.0,3.0,5,1,3,2,1,2,2,4,3
EMP101004,Kurnia Ananda,4.0,76,Senior,3.0,4.0,3.0,83.0,9.0,9.0,4,5,5,3,2,4,4,3,2
EMP101005,Eko Ganesha Kurniawan,3.0,25,Middle,2.0,4.0,3.0,115.0,7.0,3.0,5,3,1,2,1,2,3,5,3
EMP101006,Yuni Pratama,4.0,68,Senior,3.0,5.0,3.0,132.0,1.0,6.0,5,5,2,3,1,1,4,5,4
EMP101007,Prasetyo Subekti,5.0,55,Middle,4.0,4.0,5.0,85.0,8.0,3.0,2,5,2,3,3,4,4,3,2
EMP101008,Oka Putra,2.0,98,Senior,2.0,3.0,3.0,138.0,5.0,5.0,1,3,2,1,1,4,4,3,1
EMP101009,Lestari Dharma Herlambang,5.0,46,Middle,5.0,5.0,5.0,88.0,6.0,2.0,3,3,1,3,1,4,4,3,3
EMP101010,Nabila Santoso,2.0,97,Senior,3.0,2.0,1.0,125.0,4.0,2.0,1,1,6,1,3,4,4,3,3
EMP101012,Prasetyo Ginting,4.0,56,Middle,3.0,4.0,3.0,109.0,5.0,7.0,4,3,4,2,2,2,1,3,1
EMP101013,Putri Pratomo,2.0,69,Senior,3.0,2.0,2.0,89.0,8.0,8.0,4,1,2,3,2,1,1,2,4
EMP101014,Nurlita Salsabila,4.0,35,Middle,3.0,4.0,3.0,130.0,5.0,5.0,1,1,2,1,1,2,2,3,1
EMP101016,Vania Pratomo,4.0,80,Senior,4.0,4.0,3.0,117.0,9.0,7.0,3,3,3,2,1,2,4,3,2
EMP101017,Nugroho Lestari Gunawan,3.0,0,Junior,3.0,3.0,3.0,140.0,5.0,1.0,3,4,2,2,3,2,2,2,3
EMP101018,Rani Kusuma,3.0,41,Middle,3.0,4.0,4.0,120.0,7.0,5.0,6,2,6,1,1,2,2,5,2
EMP101020,Wahyu Hidayat,2.0,68,Senior,1.0,1.0,1.0,93.0,1.0,6.0,4,4,2,1,3,1,1,4,4
EMP101021,Rani Fadillah Maulana,4.0,8,Junior,4.0,5.0,5.0,135.0,5.0,4.0,5,3,6,3,3,3,4,3,4
EMP101022,Hadi Siregar,4.0,65,Senior,4.0,4.0,3.0,109.0,2.0,7.0,6,5,4,3,3,2,3,5,1
EMP101023,Yuni Ginting,4.0,33,Middle,4.0,5.0,4.0,137.0,9.0,1.0,3,1,1,3,2,2,1,6,4
EMP101024,Citra Situmorang,2.0,30,Middle,2.0,2.0,2.0,98.0,7.0,2.0,6,5,6,1,2,4,1,6,2
EMP101025,Tania Lestari Indrawan,4.0,29,Middle,4.0,4.0,4.0,122.0,5.0,3.0,5,4,5,1,2,3,4,4,1
EMP101026,Eko Santoso,3.0,83,Senior,1.0,1.0,1.0,109.0,4.0,5.0,6,2,4,3,3,1,4,1,4
EMP101027,Kartika Anugrah Halim,2.0,47,Middle,2.0,2.0,2.0,140.0,6.0,5.0,4,2,3,3,1,2,1,4,3
EMP101028,Dwi Sinaga,4.0,45,Middle,4.0,4.0,4.0,130.0,3.0,5.0,4,2,3,3,2,2,1,3,4
EMP101029,Ayunda Situmorang,3.0,31,Middle,4.0,2.0,3.0,103.0,8.0,5.0,5,4,6,2,3,1,2,2,1
EMP101030,Dimas Ananda,4.0,56,Middle,5.0,3.0,4.0,109.0,6.0,1.0,3,2,4,2,1,2,1,5,4
EMP101031,Putri Wijaya,4.0,36,Middle,5.0,4.0,5.0,87.0,1.0,6.0,5,2,3,3,3,2,3,4,2
EMP101032,Zaki Utama Pratomo,3.0,41,Middle,3.0,3.0,4.0,96.0,2.0,7.0,2,3,2,1,2,4,2,4,2
EMP101033,Citra Saputra,3.0,27,Middle,3.0,3.0,3.0,140.0,6.0,9.0,6,2,2,3,2,2,3,4,2
EMP101034,Citra Rohman,3.0,34,Middle,3.0,3.0,4.0,117.0,4.0,9.0,3,4,5,3,3,3,4,2,2
EMP101036,Mahendra Santoso,1.0,37,Middle,2.0,1.0,1.0,131.0,1.0,3.0,3,3,1,3,3,3,1,5,1
EMP101037,Rani Utama Gunawan,3.0,2,Junior,3.0,3.0,3.0,138.0,1.0,6.0,5,3,1,1,3,1,2,5,4
EMP101038,Ayunda Lestari Sinaga,1.0,43,Middle,1.0,1.0,0.0,124.0,3.0,6.0,5,4,6,1,1,3,1,3,1
EMP101039,Fajar Pamungkas,3.0,31,Middle,3.0,3.0,2.0,111.0,6.0,9.0,6,4,5,1,2,2,4,5,4
EMP101040,Ayunda Hidayat,3.0,73,Senior,3.0,0.0,4.0,109.0,9.0,1.0,3,3,4,2,3,1,3,1,2
EMP101042,Lestari Utami,4.0,5,Junior,5.0,4.0,5.0,109.0,4.0,4.0,4,1,4,1,1,4,2,1,3
EMP101043,Joko Rachman Setiawan,4.0,37,Middle,4.0,5.0,4.0,109.0,9.0,1.0,4,1,4,1,3,3,4,2,3
EMP101044,Nabila Lestari Sinaga,2.0,58,Middle,2.0,3.0,3.0,94.0,3.0,8.0,4,1,2,2,2,4,3,5,4
EMP101045,Putri Mahendra,4.0,59,Middle,4.0,4.0,4.0,139.0,2.0,9.0,1,1,5,2,3,4,3,4,4
EMP101046,Rama Wibowo,2.0,56,Middle,2.0,3.0,3.0,119.0,2.0,7.0,6,4,3,3,2,4,2,6,1
EMP101047,Lestari Ganesha Fauziah,3.0,55,Middle,2.0,3.0,3.0,89.0,7.0,2.0,4,2,1,3,3,4,3,6,1
EMP101049,Teguh Subekti,3.0,25,Middle,3.0,3.0,4.0,109.0,3.0,2.0,5,3,4,2,3,1,3,2,2
EMP101050,Dimas Saputra Herlambang,4.0,23,Middle,5.0,4.0,4.0,91.0,1.0,9.0,4,1,6,3,3,2,1,2,2
EMP101052,Nadia Zulfikar Sinaga,2.0,102,Senior,2.0,2.0,3.0,109.0,6.0,9.0,6,5,2,3,2,3,4,5,3
EMP101055,Yoga Candra Hartanto,5.0,38,Middle,5.0,5.0,5.0,118.0,3.0,9.0,5,3,5,2,2,2,3,4,1
EMP101056,Umar Hartanto,2.0,33,Middle,2.0,2.0,1.0,109.0,5.0,7.0,3,3,4,3,3,2,2,5,2
EMP101057,Dinda Anggara,2.0,44,Middle,2.0,3.0,2.0,119.0,9.0,7.0,4,2,6,1,1,2,4,1,2
EMP101058,Umar Yulianto,1.0,31,Middle,3.0,1.0,1.0,110.0,7.0,5.0,2,2,1,3,1,4,2,4,2
EMP101059,Tania Fadillah Firmansyah,4.0,78,Senior,4.0,4.0,4.0,134.0,1.0,8.0,1,3,5,3,3,3,1,5,3
EMP101060,Galih Fauziah,3.0,52,Middle,3.0,2.0,3.0,84.0,6.0,4.0,3,3,1,1,3,4,3,6,2
EMP101061,Ayu Handayani,2.0,53,Middle,2.0,2.0,3.0,109.0,1.0,9.0,6,3,4,2,3,4,3,3,2
EMP101062,Rifqi Jatmiko Wijaya,4.0,4,Junior,5.0,5.0,4.0,109.0,9.0,2.0,4,1,4,3,1,1,4,2,3
EMP101064,Oktavia Mahendra,1.0,78,Senior,1.0,1.0,1.0,122.0,8.0,3.0,1,4,5,1,1,2,2,5,2
EMP101065,Nabila Kusuma Gunawan,5.0,13,Junior,5.0,5.0,5.0,140.0,3.0,5.0,6,1,1,3,3,3,2,2,3
EMP101066,Novi Hartanto,2.0,27,Middle,3.0,1.0,2.0,85.0,8.0,3.0,6,4,6,3,1,1,3,1,4
EMP101067,Galih Kusuma Ramadhan,2.0,1,Junior,2.0,1.0,1.0,113.0,3.0,7.0,1,4,6,2,2,2,4,2,1
EMP101068,Kurnia Erlangga Maulana,3.0,52,Middle,3.0,2.0,4.0,109.0,6.0,2.0,1,3,4,2,1,1,3,1,2
EMP101069,Ayu Erlangga Kurniawan,2.0,52,Middle,2.0,2.0,1.0,123.0,2.0,2.0,2,5,5,1,2,3,1,5,2
EMP101070,Nugroho Hasibuan,4.0,52,Middle,3.0,4.0,5.0,94.0,3.0,7.0,2,2,2,1,3,1,3,1,3
EMP101072,Adi Pramudita Indrawan,2.0,15,Junior,2.0,2.0,2.0,138.0,8.0,6.0,4,3,1,1,1,2,3,4,3
EMP101073,Nabila Utami,2.0,56,Middle,1.0,3.0,2.0,109.0,8.0,3.0,5,4,4,2,3,4,1,1,4
EMP101075,Hadi Wijaya Gunawan,3.0,97,Senior,4.0,3.0,2.0,103.0,4.0,6.0,6,4,6,1,1,4,3,2,3
EMP101076,Satya Pamungkas,3.0,63,Senior,2.0,3.0,3.0,80.0,9.0,2.0,5,3,5,3,3,3,3,5,4
EMP101077,Hana Dharma Maulida,4.0,46,Middle,4.0,4.0,4.0,96.0,9.0,5.0,6,3,6,1,1,4,2,3,4
EMP101078,Satya Saputra,4.0,97,Senior,4.0,4.0,4.0,135.0,3.0,5.0,5,4,6,1,1,3,4,1,1
EMP101079,Bayu Sinaga,3.0,5,Junior,3.0,3.0,99.0,127.0,3.0,6.0,5,2,6,3,2,2,1,3,3
EMP101080,Galih Zulfikar Ramadhan,3.0,29,Middle,3.0,4.0,4.0,128.0,3.0,7.0,1,4,1,2,1,1,2,1,2
EMP101081,Putri Nabila Rohman,4.0,53,Middle,4.0,4.0,4.0,124.0,1.0,3.0,1,1,1,1,1,4,4,5,2
EMP101082,Rani Permadi,5.0,43,Middle,5.0,4.0,5.0,94.0,8.0,2.0,1,5,5,3,1,1,2,3,4
EMP101083,Adit Salsabila,2.0,29,Middle,1.0,2.0,2.0,109.0,5.0,3.0,4,5,4,1,2,4,4,5,1
EMP101084,Fitri Hartanto,4.0,47,Middle,4.0,5.0,3.0,139.0,9.0,8.0,3,2,6,2,2,4,3,2,3
EMP101085,Rendra Maulana,4.0,120,Senior,4.0,3.0,4.0,94.0,5.0,7.0,5,2,5,1,3,2,4,2,1
EMP101086,Nugroho Maulana,3.0,3,Junior,3.0,3.0,3.0,116.0,2.0,6.0,2,1,6,3,1,2,1,5,4
EMP101087,Rendra Saputra Gunawan,3.0,86,Senior,2.0,3.0,2.0,81.0,1.0,5.0,1,5,5,1,2,3,2,2,4
EMP101088,Rama Jatmiko Gunawan,2.0,54,Middle,1.0,2.0,3.0,114.0,5.0,3.0,5,4,5,3,3,3,1,3,4
EMP101089,Nabila Salsabila,4.0,33,Middle,4.0,5.0,3.0,127.0,3.0,5.0,4,5,2,3,1,3,2,1,1
EMP101090,Bella Fauziah,3.0,74,Senior,3.0,2.0,2.0,129.0,3.0,5.0,2,4,3,1,1,3,3,1,2
EMP101091,Ari Saputra Pamungkas,5.0,11,Junior,4.0,3.0,3.0,117.0,4.0,8.0,5,4,6,1,1,1,4,4,2
EMP101092,Rani Gunawan,4.0,57,Middle,4.0,4.0,5.0,104.0,6.0,4.0,1,3,5,1,1,2,1,2,2
EMP101093,Joko Iqbal Lestari,3.0,60,Senior,2.0,3.0,2.0,109.0,8.0,4.0,3,4,4,2,1,3,4,3,1
EMP101094,Novi Zulfikar Handayani,3.0,27,Middle,3.0,3.0,3.0,120.0,1.0,5.0,5,1,3,3,1,1,1,4,3
EMP101095,Nadia Simanjuntak,0.0,9,Junior,4.0,5.0,3.0,106.0,7.0,5.0,5,5,5,1,1,4,3,3,1
EMP101096,Rizka Wijaya,4.0,43,Middle,3.0,5.0,5.0,109.0,8.0,6.0,2,5,4,3,3,1,1,3,2
EMP101097,Bayu Mahendra,2.0,38,Middle,2.0,2.0,3.0,109.0,8.0,6.0,3,4,4,3,1,4,3,6,4
EMP101098,Utami Firmansyah,5.0,46,Middle,5.0,5.0,5.0,94.0,2.0,7.0,3,3,3,3,2,4,2,5,4
EMP101100,Fitri Jatmiko Setiawan,3.0,43,Middle,3.0,3.0,3.0,124.0,4.0,4.0,4,2,3,3,3,2,2,3,3
EMP101101,Nugroho Yudhistira Lukman,3.0,9,Junior,4.0,3.0,3.0,109.0,4.0,2.0,3,5,4,2,1,3,2,3,4
EMP101103,Wulan Lestari Saputra,5.0,39,Middle,5.0,5.0,5.0,80.0,1.0,5.0,5,3,1,3,3,2,2,6,4
EMP101104,Oktavia Lestari,2.0,65,Senior,1.0,2.0,2.0,120.0,1.0,8.0,3,5,2,1,3,2,4,6,2
EMP101105,Kartika Saputra Siregar,2.0,36,Middle,3.0,2.0,1.0,109.0,7.0,2.0,3,4,4,2,1,2,3,4,1
EMP101106,Sari Siregar,4.0,59,Middle,5.0,5.0,3.0,109.0,8.0,7.0,1,5,4,3,1,1,2,3,1
EMP101107,Mahendra Fadillah Pradana,1.0,51,Middle,1.0,2.0,1.0,89.0,3.0,5.0,4,4,6,1,3,2,2,3,3
EMP101108,Dewi Pradana,3.0,21,Middle,3.0,2.0,3.0,110.0,9.0,5.0,6,4,3,2,3,4,2,4,2
EMP101109,Bella Suharto,4.0,43,Middle,2.0,2.0,2.0,84.0,6.0,4.0,2,3,2,2,3,2,4,4,4
EMP101111,Bella Firmansyah,4.0,98,Senior,4.0,4.0,5.0,109.0,1.0,1.0,2,5,4,2,1,3,1,3,2
EMP101112,Budi Firmansyah,4.0,52,Middle,4.0,5.0,5.0,96.0,2.0,8.0,1,1,5,1,1,2,2,1,1
EMP101113,Evi Syahputra,1.0,30,Middle,1.0,1.0,1.0,93.0,5.0,8.0,4,5,2,3,3,3,3,2,1
EMP101114,Tania Fauziah,3.0,38,Middle,3.0,3.0,3.0,84.0,1.0,8.0,1,3,5,1,1,3,1,5,1
EMP101115,Valdo Putra,2.0,34,Middle,1.0,1.0,1.0,90.0,9.0,4.0,6,3,6,1,3,2,1,6,3
EMP101116,Dimas Tri Zulfikar,4.0,36,Middle,2.0,1.0,2.0,109.0,6.0,2.0,4,2,2,1,1,4,2,1,1
EMP101117,Rendra Indrawan,2.0,57,Middle,2.0,2.0,1.0,109.0,5.0,2.0,5,2,4,1,3,3,4,1,3
EMP101118,Maya Dharma Kurniawan,2.0,1,Junior,1.0,2.0,2.0,81.0,5.0,9.0,4,2,3,3,3,2,2,3,4
EMP101119,Utami Lestari,1.0,40,Middle,2.0,1.0,1.0,109.0,5.0,6.0,1,3,4,1,1,1,2,3,1
EMP101120,Gita Rahmawati,3.0,52,Middle,2.0,3.0,3.0,97.0,2.0,4.0,2,5,2,3,3,1,1,3,1
EMP101121,Gita Hasibuan,2.0,28,Middle,2.0,2.0,2.0,132.0,6.0,2.0,5,1,2,1,3,3,1,1,1
EMP101122,Maya Utami,3.0,48,Middle,3.0,4.0,3.0,95.0,3.0,5.0,1,3,5,2,2,3,1,2,1
EMP101123,Dian Kurniawan,5.0,50,Middle,3.0,3.0,3.0,87.0,2.0,3.0,2,3,6,2,1,2,3,4,4
EMP101124,Cahyo Tri Maulida,4.0,77,Senior,3.0,4.0,4.0,109.0,5.0,6.0,1,3,6,3,1,1,3,6,3
EMP101126,Ayunda Jatmiko Zulfikar,4.0,61,Senior,3.0,5.0,4.0,80.0,5.0,8.0,3,1,3,3,2,2,2,5,2
EMP101127,Valdo Hasibuan,4.0,48,Middle,4.0,4.0,3.0,94.0,7.0,5.0,1,5,3,1,3,4,3,2,4
EMP101128,Kartika Setiawan,2.0,78,Senior,2.0,1.0,3.0,82.0,1.0,3.0,5,1,1,1,3,4,2,6,3
EMP101129,Rendra Purnama,3.0,72,Senior,4.0,3.0,2.0,101.0,5.0,7.0,4,5,3,1,2,1,2,1,2
EMP101130,Rifqi Kusuma,4.0,24,Middle,3.0,3.0,3.0,104.0,6.0,6.0,1,4,6,3,3,2,4,5,1
EMP101131,Lestari Candra Nugroho,4.0,42,Middle,5.0,4.0,4.0,108.0,9.0,4.0,3,2,3,3,2,2,2,1,1
EMP101132,Umar Pradana,3.0,39,Middle,3.0,3.0,2.0,112.0,9.0,5.0,3,5,3,2,3,4,1,3,1
EMP101133,Rendra Subekti,4.0,62,Senior,5.0,4.0,4.0,108.0,2.0,6.0,5,1,2,3,1,4,2,1,2
EMP101136,Arif Saputra Halim,4.0,55,Middle,4.0,4.0,3.0,116.0,1.0,1.0,1,4,6,1,1,4,3,2,1
EMP101137,Nabila Putra,3.0,25,Middle,3.0,3.0,3.0,109.0,6.0,6.0,2,2,4,3,3,3,4,1,1
EMP101138,Rizka Kusuma,4.0,39,Middle,4.0,5.0,4.0,137.0,6.0,1.0,6,1,3,3,3,4,1,4,1
EMP101139,Rendra Gunawan,4.0,65,Senior,4.0,4.0,3.0,109.0,4.0,3.0,5,3,4,1,3,1,4,3,2
EMP101140,Wahyu Nabila Purnama,2.0,61,Senior,1.0,2.0,2.0,128.0,9.0,5.0,2,5,1,1,2,3,2,6,2
EMP101141,Dwi Hartanto,2.0,95,Senior,2.0,3.0,2.0,109.0,9.0,6.0,3,1,1,3,1,1,3,3,3
EMP101142,Rani Kusuma Putra,2.0,76,Senior,2.0,2.0,2.0,113.0,5.0,1.0,1,3,6,3,3,4,2,1,1
EMP101143,Ayunda Purnama,2.0,65,Senior,2.0,1.0,2.0,127.0,2.0,2.0,5,2,1,3,3,3,1,2,2
EMP101146,Ayu Suharto,2.0,37,Middle,2.0,2.0,2.0,109.0,2.0,5.0,1,3,4,1,1,4,4,6,1
EMP101147,Anisa Kusuma,4.0,70,Senior,5.0,4.0,4.0,111.0,9.0,4.0,4,2,6,3,1,2,2,6,1
EMP101148,Ahmad Hartanto,5.0,81,Senior,5.0,5.0,5.0,137.0,3.0,5.0,5,4,3,2,2,1,3,3,2
EMP101149,Utami Zulfikar Siregar,3.0,46,Middle,3.0,3.0,3.0,83.0,4.0,7.0,1,5,1,2,3,2,2,3,4
EMP101150,Wahyu Pramudita Indrawan,3.0,56,Middle,3.0,2.0,3.0,118.0,4.0,4.0,3,4,6,2,3,2,3,3,1
EMP101151,Dwi Adi Wijaya,4.0,28,Middle,5.0,3.0,4.0,86.0,1.0,4.0,4,5,2,1,1,3,1,1,1
EMP101152,Dewi Nabila Hasibuan,3.0,74,Senior,3.0,4.0,3.0,109.0,1.0,2.0,1,3,4,1,2,1,1,1,1
EMP101153,Ayunda Siregar,3.0,112,Senior,4.0,2.0,3.0,91.0,1.0,4.0,2,1,2,2,1,1,4,5,2
EMP101154,Gita Aji Simanjuntak,5.0,78,Senior,3.0,4.0,3.0,116.0,7.0,6.0,6,2,6,2,1,3,4,1,2
EMP101158,Putri Saputra Sinaga,4.0,56,Middle,5.0,5.0,3.0,127.0,2.0,7.0,2,4,3,2,1,2,4,3,4
EMP101159,Vania Maulana,5.0,111,Senior,3.0,3.0,3.0,111.0,3.0,8.0,3,4,1,1,3,1,3,1,1
EMP101160,Oka Lestari Wijaya,2.0,52,Middle,2.0,2.0,3.0,109.0,8.0,9.0,3,1,4,2,1,3,4,2,4
EMP101161,Fajar Ramadhan,3.0,1,Junior,3.0,3.0,3.0,87.0,1.0,7.0,3,2,2,3,1,2,3,6,2
EMP101162,Hadi Lestari,1.0,61,Senior,1.0,1.0,1.0,86.0,5.0,3.0,3,1,6,3,2,1,2,4,3
EMP101163,Maya Suharto,3.0,32,Middle,3.0,3.0,3.0,99.0,3.0,1.0,3,1,2,1,3,1,2,3,2
EMP101164,Nabila Subekti,4.0,89,Senior,5.0,4.0,3.0,104.0,5.0,4.0,2,3,5,1,3,2,2,6,4
EMP101165,Kartika Iqbal Gunawan,3.0,21,Middle,3.0,4.0,4.0,83.0,3.0,8.0,3,3,3,3,1,4,3,3,4
EMP101166,Utami Qolbi Halim,3.0,71,Senior,3.0,2.0,3.0,106.0,8.0,4.0,3,5,1,3,1,4,4,5,3
EMP101167,Rama Utami,5.0,44,Middle,5.0,5.0,5.0,86.0,4.0,1.0,3,4,6,2,2,4,3,2,2
EMP101168,Oka Permadi,4.0,24,Middle,5.0,4.0,3.0,134.0,7.0,4.0,4,3,2,3,2,3,3,5,1
EMP101170,Dewi Jatmiko Indrawan,4.0,19,Middle,4.0,3.0,4.0,127.0,4.0,4.0,2,3,2,1,1,2,3,5,4
EMP101171,Maya Baskara Suharto,3.0,74,Senior,3.0,3.0,2.0,109.0,9.0,6.0,4,4,5,3,3,3,2,3,2
EMP101174,Yoga Saputra Mahendra,3.0,53,Middle,3.0,3.0,2.0,109.0,5.0,5.0,5,3,4,2,2,2,3,1,2
EMP101175,Anisa Yulianto,2.0,56,Middle,2.0,2.0,2.0,80.0,6.0,9.0,5,5,1,1,2,2,3,6,4
EMP101176,Dimas Tri Pratama,2.0,75,Senior,1.0,3.0,3.0,117.0,1.0,2.0,4,3,1,2,1,3,1,4,1
EMP101177,Mahendra Siregar,3.0,82,Senior,3.0,3.0,3.0,109.0,9.0,2.0,1,4,4,3,2,2,4,1,1
EMP101178,Galih Rahmawati,2.0,106,Senior,2.0,2.0,3.0,84.0,7.0,9.0,1,3,5,3,2,4,3,6,3
EMP101179,Rani Jatmiko Indrawan,4.0,76,Senior,3.0,4.0,4.0,117.0,1.0,7.0,6,4,5,2,3,1,1,6,3
EMP101180,Hana Suharto,4.0,29,Middle,4.0,5.0,4.0,109.0,8.0,4.0,6,4,4,3,1,4,4,5,2
EMP101181,Putri Ananda,4.0,34,Middle,3.0,5.0,4.0,104.0,2.0,4.0,3,5,1,2,3,2,1,2,1
EMP101182,Valdo Zulfikar Santoso,3.0,11,Junior,2.0,3.0,3.0,115.0,3.0,2.0,1,2,6,1,2,1,3,3,3
EMP101183,Gita Adi Wibowo,3.0,86,Senior,3.0,3.0,2.0,118.0,7.0,9.0,3,5,2,2,2,3,2,6,1
EMP101184,Mahendra Dharma Yulianto,3.0,62,Senior,3.0,3.0,3.0,122.0,5.0,8.0,2,4,2,2,2,3,3,3,4
EMP101186,Citra Halim Wijaya,4.0,21,Middle,3.0,4.0,3.0,110.0,5.0,2.0,1,4,2,2,2,2,3,6,1
EMP101187,Prasetyo Ananda,2.0,45,Middle,2.0,2.0,2.0,110.0,3.0,5.0,2,4,1,2,3,2,3,5,1
EMP101188,Julia Utami,4.0,54,Middle,4.0,3.0,5.0,109.0,1.0,9.0,4,1,4,1,1,3,2,3,1
EMP101189,Prasetyo Pradana,2.0,46,Middle,2.0,1.0,1.0,134.0,1.0,2.0,6,1,1,2,2,4,1,5,4
EMP101190,Kurnia Dharma Kurniawan,3.0,9,Junior,3.0,3.0,2.0,87.0,4.0,5.0,2,3,2,2,2,1,3,5,2
EMP101191,Wulan Nugroho,3.0,21,Middle,4.0,3.0,3.0,140.0,5.0,3.0,4,2,2,2,3,3,3,6,3
EMP101192,Galih Aji Permadi,3.0,46,Middle,3.0,3.0,3.0,114.0,3.0,7.0,5,4,3,3,2,2,1,2,1
EMP101193,Dwi Utama Handayani,1.0,55,Middle,2.0,1.0,2.0,103.0,2.0,9.0,3,1,5,1,3,1,1,2,1
EMP101194,Prasetyo Candra Subekti,3.0,37,Middle,2.0,3.0,2.0,105.0,5.0,3.0,4,2,2,2,3,4,1,6,3
EMP101195,Hana Aji Setiawan,4.0,10,Junior,3.0,3.0,4.0,109.0,3.0,4.0,3,4,4,2,3,2,4,6,3
EMP101197,Cahyo Pamungkas,4.0,55,Middle,4.0,4.0,4.0,89.0,2.0,8.0,2,4,5,3,2,4,1,1,2
EMP101198,Nadia Pratomo,2.0,39,Middle,2.0,2.0,3.0,82.0,8.0,5.0,6,4,2,2,1,1,2,5,1
EMP101199,Umar Rachman Hidayat,3.0,26,Middle,3.0,3.0,4.0,109.0,6.0,4.0,1,2,6,1,1,3,3,5,3
EMP101200,Anisa Ridwan,3.0,68,Senior,4.0,3.0,3.0,119.0,1.0,2.0,3,1,2,3,3,2,4,5,2
EMP101201,Valdo Sinaga,3.0,43,Middle,3.0,3.0,2.0,120.0,6.0,8.0,3,3,5,1,1,3,2,4,2
EMP101203,Dwi Lestari,5.0,84,Senior,5.0,5.0,5.0,88.0,4.0,5.0,5,5,3,2,3,4,1,3,2
EMP101204,Kartika Nugroho,2.0,96,Senior,1.0,1.0,1.0,109.0,4.0,1.0,3,4,4,2,2,2,2,5,1
EMP101205,Nurlita Qolbi Tamba,3.0,27,Middle,4.0,3.0,3.0,109.0,8.0,4.0,3,1,4,2,2,4,2,1,2
EMP101206,Utami Siregar,3.0,58,Middle,2.0,4.0,3.0,109.0,7.0,2.0,2,4,4,1,2,3,2,1,1
EMP101207,Adi Salsabila,4.0,47,Middle,5.0,4.0,4.0,130.0,6.0,8.0,3,3,5,2,1,1,2,6,3
EMP101208,Dimas Siregar,3.0,92,Senior,3.0,4.0,3.0,109.0,5.0,8.0,1,5,5,2,1,1,1,5,1
EMP101209,Zaki Indrawan,2.0,22,Middle,2.0,3.0,2.0,127.0,2.0,1.0,4,3,2,2,1,3,4,6,2
EMP101210,Luthfi Lestari Rahmawati,4.0,72,Senior,4.0,4.0,3.0,103.0,2.0,3.0,3,2,2,1,3,1,1,3,3
EMP101211,Valdo Ananda,2.0,92,Senior,3.0,2.0,2.0,137.0,9.0,5.0,1,2,1,3,2,4,3,5,1
EMP101212,Galih Suharto,2.0,63,Senior,2.0,1.0,3.0,136.0,8.0,2.0,6,3,2,3,2,1,3,2,1
EMP101213,Bayu Erlangga Hidayat,2.0,85,Senior,2.0,2.0,1.0,110.0,7.0,7.0,5,5,6,3,1,2,4,3,3
EMP101215,Ayu Kusuma,3.0,58,Middle,2.0,3.0,3.0,102.0,2.0,1.0,1,1,2,2,3,4,3,4,4
EMP101216,Galih Candra Ridwan,1.0,32,Middle,3.0,1.0,3.0,111.0,4.0,3.0,6,5,2,1,1,4,2,1,2
EMP101217,Luthfi Lestari Kusuma,1.0,59,Middle,1.0,2.0,3.0,104.0,2.0,5.0,4,4,6,3,2,2,3,5,3
EMP101218,Dian Gunawan,2.0,46,Middle,2.0,1.0,3.0,104.0,5.0,8.0,5,1,1,3,3,3,2,6,2
EMP101219,Dinda Lestari Setiawan,3.0,62,Senior,3.0,3.0,3.0,139.0,8.0,9.0,3,3,1,3,2,2,1,5,4
EMP101220,Hadi Pramudita Saputra,1.0,65,Senior,1.0,1.0,1.0,109.0,2.0,4.0,2,1,2,1,2,1,1,5,3
EMP101221,Bayu Adi Handayani,3.0,40,Middle,3.0,4.0,4.0,104.0,3.0,9.0,6,5,5,3,3,1,3,3,2
EMP101222,Sari Rahmawati,3.0,75,Senior,4.0,3.0,4.0,100.0,4.0,8.0,5,3,3,3,3,4,2,5,1
EMP101223,Dimas Situmorang,4.0,22,Middle,4.0,4.0,5.0,131.0,8.0,9.0,4,5,1,1,3,3,4,2,4
EMP101224,Rizka Indrawan,3.0,34,Middle,3.0,4.0,2.0,106.0,5.0,1.0,5,2,2,3,2,3,1,4,3
EMP101225,Zahra Hidayat,5.0,78,Senior,5.0,4.0,5.0,97.0,9.0,8.0,4,4,1,3,2,2,3,6,4
EMP101226,Yoga Erlangga Mahendra,5.0,59,Middle,4.0,5.0,5.0,121.0,8.0,3.0,1,2,6,1,1,2,3,2,1
EMP101227,Fitri Dharma Ramadhan,3.0,41,Middle,3.0,4.0,3.0,109.0,9.0,5.0,2,3,5,2,3,1,3,3,1
EMP101228,Satya Qolbi Anggara,3.0,89,Senior,3.0,3.0,3.0,109.0,3.0,2.0,4,1,6,3,3,3,3,2,3
EMP101229,Ayu Putra,1.0,61,Senior,1.0,1.0,3.0,125.0,7.0,3.0,4,5,6,3,1,1,2,2,3
EMP101230,Luthfi Handayani,3.0,26,Middle,2.0,4.0,3.0,136.0,8.0,8.0,6,3,2,3,1,4,1,3,4
EMP101231,Sari Tri Wibowo,3.0,66,Senior,3.0,3.0,3.0,89.0,9.0,9.0,6,1,2,1,2,4,1,1,3
EMP101232,Adi Rohman,4.0,40,Middle,3.0,3.0,4.0,94.0,2.0,8.0,4,1,6,3,1,1,1,3,2
EMP101233,Kurnia Tri Pratomo,3.0,56,Middle,2.0,2.0,4.0,109.0,8.0,7.0,1,4,4,2,2,3,3,5,4
EMP101234,Luthfi Ananda,5.0,66,Senior,5.0,3.0,5.0,125.0,4.0,2.0,3,2,3,3,2,2,3,3,2
EMP101236,Novi Baskara Fauziah,2.0,16,Junior,3.0,3.0,1.0,116.0,5.0,9.0,2,4,5,3,3,4,3,6,3
EMP101237,Zahra Ridwan,5.0,61,Senior,5.0,4.0,5.0,85.0,5.0,3.0,6,4,6,3,2,2,3,4,1
EMP101238,Rani Yulianto,3.0,0,Junior,4.0,4.0,3.0,109.0,1.0,8.0,1,2,4,1,2,1,4,2,1
EMP101239,Bella Qolbi Simanjuntak,3.0,37,Middle,2.0,3.0,3.0,114.0,1.0,2.0,4,1,3,2,3,4,2,1,4
EMP101241,Mahendra Wijaya,4.0,48,Middle,4.0,5.0,4.0,83.0,8.0,5.0,5,4,3,1,3,2,4,1,1
EMP101242,Sari Saputra Tamba,4.0,92,Senior,4.0,4.0,5.0,139.0,7.0,4.0,6,5,3,2,3,2,2,4,4
EMP101243,Nugroho Setiawan,2.0,54,Middle,2.0,2.0,2.0,109.0,9.0,4.0,2,2,4,1,2,3,1,3,4
EMP101245,Fitri Salsabila,2.0,89,Senior,2.0,3.0,2.0,109.0,5.0,5.0,4,1,1,1,1,4,2,4,1
EMP101246,Joko Pradana,4.0,67,Senior,4.0,4.0,4.0,133.0,2.0,8.0,1,3,6,2,1,2,1,2,2
EMP101247,Iman Syahputra,2.0,35,Middle,1.0,3.0,3.0,81.0,1.0,7.0,3,5,6,2,2,4,3,3,3
EMP101248,Cahyo Lestari,5.0,85,Senior,5.0,4.0,5.0,115.0,3.0,9.0,3,1,3,1,1,3,4,3,2
EMP101249,Nurlita Erlangga Maulida,3.0,49,Middle,4.0,3.0,3.0,125.0,2.0,5.0,2,2,3,2,3,3,3,2,4
EMP101250,Iman Wijaya,5.0,69,Senior,4.0,4.0,3.0,116.0,7.0,6.0,2,2,3,2,1,4,1,3,4
EMP101251,Adit Pratama,3.0,16,Junior,2.0,4.0,3.0,109.0,4.0,9.0,2,1,2,2,3,2,3,3,3
EMP101253,Maya Baskara Ananda,4.0,28,Middle,3.0,4.0,3.0,137.0,6.0,6.0,5,3,6,2,3,3,3,5,2
EMP101254,Luthfi Qolbi Sinaga,1.0,57,Middle,3.0,1.0,2.0,99.0,6.0,5.0,1,3,3,2,2,1,4,1,2
EMP101255,Gita Handayani,4.0,24,Middle,4.0,3.0,4.0,109.0,9.0,1.0,3,4,4,1,2,1,1,6,1
EMP101256,Ayu Pratama,5.0,47,Middle,5.0,3.0,4.0,109.0,2.0,2.0,6,5,4,1,1,1,1,6,4
EMP101257,Rifqi Erlangga Pradana,2.0,62,Senior,2.0,2.0,2.0,127.0,5.0,5.0,3,1,5,2,1,4,3,5,2
EMP101258,Cahyo Utami,4.0,48,Middle,4.0,3.0,3.0,81.0,6.0,3.0,3,4,6,3,2,1,1,2,1
EMP101259,Rafa Qolbi Indrawan,3.0,29,Middle,4.0,3.0,3.0,130.0,2.0,6.0,2,4,1,3,3,3,4,1,1
EMP101260,Satya Lestari,4.0,78,Senior,3.0,3.0,4.0,109.0,3.0,8.0,3,3,4,1,3,2,3,5,2
EMP101262,Ari Baskara Yulianto,3.0,39,Middle,4.0,3.0,3.0,109.0,8.0,4.0,6,2,4,2,1,4,4,3,3
EMP101263,Intan Purnama,4.0,20,Middle,4.0,4.0,3.0,109.0,5.0,8.0,5,4,4,3,2,4,2,4,3
EMP101264,Luthfi Pramudita Simanjuntak,2.0,52,Middle,2.0,1.0,2.0,95.0,7.0,2.0,2,4,6,3,2,3,1,5,2
EMP101265,Umar Utami,3.0,58,Middle,2.0,3.0,3.0,109.0,6.0,5.0,6,1,5,3,2,1,2,5,4
EMP101266,Joko Zulfikar Ginting,3.0,58,Middle,4.0,4.0,3.0,95.0,7.0,4.0,5,4,1,2,3,2,4,4,3
EMP101267,Rani Herlambang,5.0,101,Senior,4.0,5.0,5.0,98.0,5.0,2.0,1,4,3,2,1,1,3,6,4
EMP101268,Rani Lestari,4.0,96,Senior,4.0,3.0,3.0,109.0,3.0,9.0,4,2,4,2,3,1,1,2,3
EMP101269,Rizky Jatmiko Herlambang,2.0,61,Senior,1.0,2.0,2.0,109.0,3.0,6.0,2,5,6,2,1,2,3,4,1
EMP101270,Novi Permadi,3.0,18,Middle,3.0,3.0,3.0,109.0,5.0,7.0,5,4,3,1,3,4,1,2,4
EMP101271,Nabila Adi Ananda,2.0,32,Middle,2.0,1.0,1.0,137.0,7.0,8.0,5,3,6,2,2,4,2,3,3
EMP101272,Utami Baskara Lukman,4.0,27,Middle,4.0,4.0,4.0,132.0,1.0,6.0,6,2,1,2,3,2,3,6,2
EMP101273,Bella Fadillah Fauziah,2.0,53,Middle,3.0,2.0,2.0,109.0,5.0,3.0,6,1,1,2,2,1,3,1,4
EMP101274,Maya Nabila Ridwan,4.0,49,Middle,5.0,4.0,4.0,122.0,4.0,3.0,6,1,2,2,2,2,4,3,4
EMP101275,Wulan Mahardika Salsabila,3.0,134,Senior,3.0,3.0,2.0,125.0,8.0,8.0,6,3,2,2,2,1,4,4,4
EMP101276,Dinda Saputra,4.0,68,Senior,5.0,4.0,5.0,107.0,5.0,5.0,1,5,5,3,2,4,3,1,3
EMP101277,Utami Fauziah,2.0,88,Senior,2.0,3.0,2.0,109.0,2.0,1.0,3,3,4,1,3,2,2,4,1
EMP101279,Fajar Utami,3.0,31,Middle,2.0,3.0,3.0,109.0,5.0,4.0,3,2,4,1,1,2,4,3,3
EMP101280,Arif Saputra Handayani,2.0,92,Senior,1.0,3.0,3.0,137.0,2.0,4.0,4,3,2,1,2,3,4,6,1
EMP101281,Wahyu Ramadhan,4.0,67,Senior,5.0,4.0,3.0,126.0,8.0,1.0,3,2,2,3,1,4,3,2,1
EMP101282,Bella Lestari Herlambang,3.0,36,Middle,3.0,4.0,3.0,109.0,4.0,8.0,2,4,4,2,2,1,2,6,2
EMP101285,Prasetyo Yudhistira Lukman,2.0,38,Middle,2.0,2.0,1.0,104.0,3.0,5.0,4,2,5,1,1,3,2,6,3
EMP101286,Zaki Adi Permadi,5.0,65,Senior,5.0,5.0,5.0,110.0,4.0,5.0,2,5,3,3,3,1,2,4,3
EMP101287,Fajar Putra,3.0,75,Senior,3.0,3.0,4.0,109.0,4.0,9.0,5,1,2,2,2,3,2,3,2
EMP101288,Kurnia Zulfikar Maulida,4.0,76,Senior,4.0,6.0,4.0,92.0,3.0,2.0,1,1,6,3,1,3,3,4,4
EMP101289,Evi Ramadhan,3.0,21,Middle,4.0,2.0,3.0,136.0,5.0,3.0,3,4,1,3,1,2,2,5,1
EMP101290,Dinda Maulana,3.0,64,Senior,3.0,3.0,3.0,80.0,1.0,9.0,4,2,3,1,1,1,1,4,3
EMP101291,Prasetyo Dharma Utami,4.0,25,Middle,3.0,5.0,5.0,107.0,5.0,4.0,5,5,3,3,2,1,1,2,2
EMP101292,Maya Permadi,4.0,58,Middle,4.0,5.0,4.0,109.0,5.0,9.0,5,1,4,2,2,3,3,1,1
EMP101293,Citra Suharto,5.0,93,Senior,5.0,5.0,5.0,120.0,2.0,6.0,3,4,1,3,1,4,2,6,4
EMP101295,Hana Dharma Handayani,4.0,37,Middle,5.0,3.0,3.0,86.0,8.0,2.0,4,2,3,3,1,3,4,3,3
EMP101296,Umar Tamba,3.0,30,Middle,3.0,3.0,4.0,98.0,7.0,1.0,1,2,3,1,3,2,1,3,3
EMP101297,Teguh Siregar,1.0,52,Middle,1.0,1.0,2.0,108.0,6.0,2.0,6,2,5,2,3,1,1,5,4
EMP101298,Nurlita Halim,4.0,43,Middle,4.0,5.0,4.0,81.0,3.0,4.0,2,5,6,2,1,3,2,4,1
EMP101299,Vania Candra Nugroho,2.0,55,Middle,2.0,2.0,3.0,114.0,6.0,2.0,1,3,3,1,2,3,3,2,2
EMP101300,Eko Kurniawan,3.0,12,Junior,3.0,4.0,3.0,110.0,1.0,8.0,6,3,6,3,1,4,1,2,2
EMP101303,Kurnia Hartanto,2.0,57,Middle,2.0,3.0,2.0,83.0,3.0,4.0,6,1,6,1,2,2,4,1,1
EMP101304,Iman Firmansyah,3.0,48,Middle,2.0,3.0,3.0,109.0,4.0,8.0,6,4,4,1,2,3,3,1,1
EMP101305,Gita Wijaya Fauziah,4.0,24,Middle,0.0,4.0,5.0,89.0,6.0,2.0,4,2,2,1,3,3,2,5,1
EMP101306,Dwi Zulfikar,3.0,34,Middle,2.0,3.0,3.0,129.0,5.0,2.0,4,5,3,2,2,4,1,1,3
EMP101307,Iman Situmorang,3.0,76,Senior,3.0,3.0,3.0,124.0,5.0,5.0,3,1,5,1,2,1,3,6,3
EMP101308,Prasetyo Saputra,3.0,40,Middle,3.0,4.0,3.0,89.0,7.0,5.0,6,1,3,1,1,2,3,5,2
EMP101309,Rizka Hidayat,4.0,89,Senior,5.0,3.0,4.0,109.0,8.0,9.0,4,2,4,1,1,3,2,2,1
EMP101310,Rizka Yudhistira Sinaga,3.0,27,Middle,3.0,3.0,3.0,116.0,3.0,2.0,6,2,2,3,1,2,2,4,1
EMP101311,Teguh Wibowo,3.0,57,Middle,4.0,3.0,3.0,109.0,1.0,1.0,6,4,5,2,1,1,4,4,3
EMP101312,Budi Syahputra,3.0,44,Middle,2.0,3.0,3.0,100.0,2.0,4.0,2,5,1,2,3,3,4,1,3
EMP101313,Indra Mahardika Putra,2.0,66,Senior,3.0,2.0,2.0,109.0,9.0,1.0,3,1,4,3,2,2,1,5,1
EMP101314,Umar Wijaya Salsabila,2.0,60,Senior,2.0,2.0,2.0,90.0,8.0,5.0,6,1,2,1,3,1,2,1,4
EMP101315,Dwi Wibowo,3.0,57,Middle,4.0,2.0,3.0,109.0,5.0,5.0,3,4,4,1,2,4,2,2,3
EMP101316,Nugroho Kusuma Hasibuan,2.0,89,Senior,2.0,2.0,2.0,94.0,6.0,2.0,3,3,5,1,1,3,3,4,4
EMP101317,Nadia Qolbi Utami,3.0,33,Middle,3.0,4.0,2.0,140.0,5.0,6.0,3,2,1,3,3,4,4,5,1
EMP101318,Nurlita Zulfikar Sinaga,3.0,55,Middle,4.0,3.0,3.0,85.0,4.0,5.0,3,2,6,2,3,1,2,4,1
EMP101319,Budi Anugrah Syahputra,3.0,48,Middle,3.0,3.0,3.0,133.0,5.0,2.0,4,2,2,2,2,2,1,6,4
EMP101320,Fajar Tamba,5.0,76,Senior,5.0,5.0,5.0,81.0,5.0,7.0,5,5,5,3,2,3,3,4,4
EMP101322,Mahendra Sinaga,4.0,54,Middle,4.0,4.0,4.0,125.0,8.0,7.0,5,4,5,1,2,4,2,2,4
EMP101323,Rendra Hartanto,3.0,114,Senior,3.0,3.0,3.0,131.0,1.0,4.0,2,4,6,1,3,4,2,5,1
EMP101324,Teguh Lestari Saputra,3.0,36,Middle,3.0,3.0,3.0,109.0,1.0,4.0,4,4,5,3,1,3,4,6,4
EMP101325,Gita Tri Siregar,3.0,36,Middle,3.0,2.0,3.0,81.0,4.0,8.0,6,2,5,1,2,1,1,1,1
EMP101326,Satya Wibowo,1.0,27,Middle,1.0,1.0,1.0,100.0,4.0,5.0,3,1,2,3,1,2,4,1,3
EMP101327,Rizka Suharto,4.0,23,Middle,3.0,3.0,3.0,129.0,3.0,5.0,2,5,6,2,1,1,3,2,1
EMP101328,Maya Candra Maulana,4.0,0,Junior,5.0,5.0,4.0,98.0,7.0,8.0,2,1,1,2,3,3,3,4,1
EMP101329,Galih Kusuma Ridwan,2.0,29,Middle,2.0,2.0,2.0,109.0,4.0,4.0,2,2,4,2,1,2,2,6,3
EMP101330,Rizki Nugroho,4.0,65,Senior,5.0,3.0,3.0,105.0,1.0,5.0,6,4,3,1,3,1,1,5,1
EMP101331,Zahra Setiawan,4.0,38,Middle,3.0,4.0,5.0,130.0,1.0,9.0,3,4,5,1,3,3,4,6,3
EMP101332,Wahyu Sinaga,1.0,40,Middle,1.0,1.0,1.0,87.0,9.0,5.0,6,1,1,2,3,1,2,3,3
EMP101333,Oka Gunawan,4.0,79,Senior,3.0,4.0,4.0,89.0,5.0,9.0,3,4,5,2,3,4,2,2,4
EMP101334,Yuni Hartanto,4.0,66,Senior,3.0,4.0,3.0,87.0,8.0,9.0,1,3,2,2,2,4,3,1,1
EMP101335,Tania Kusuma,4.0,27,Middle,5.0,5.0,4.0,88.0,1.0,4.0,1,2,3,3,2,2,2,5,3
EMP101336,Rama Lestari Handayani,2.0,54,Middle,2.0,3.0,2.0,127.0,1.0,5.0,6,4,1,3,2,1,2,2,2
EMP101338,Oktavia Yulianto,3.0,39,Middle,3.0,3.0,2.0,85.0,8.0,6.0,3,5,6,2,1,2,2,6,1
EMP101339,Ayu Subekti,1.0,10,Junior,1.0,1.0,2.0,80.0,3.0,4.0,4,4,5,2,2,3,2,1,2
EMP101340,Ayunda Permadi,3.0,32,Middle,2.0,4.0,3.0,109.0,9.0,5.0,3,4,2,2,3,4,1,5,3
EMP101341,Joko Putra,2.0,28,Middle,2.0,1.0,3.0,109.0,7.0,5.0,6,2,2,3,2,2,4,4,1
EMP101342,Arif Pradana,3.0,69,Senior,3.0,3.0,3.0,91.0,4.0,9.0,3,5,3,1,1,3,2,2,2
EMP101343,Anisa Anugrah Saputra,5.0,19,Middle,5.0,5.0,4.0,101.0,4.0,9.0,3,5,2,2,2,3,1,4,1
EMP101344,Ayunda Anugrah Rahmawati,4.0,60,Senior,4.0,5.0,3.0,89.0,7.0,3.0,5,2,1,1,3,1,3,2,4
EMP101346,Luthfi Tri Subekti,3.0,75,Senior,3.0,3.0,3.0,107.0,4.0,4.0,1,1,6,3,3,2,4,5,3
EMP101347,Utami Adi Handayani,5.0,71,Senior,5.0,5.0,5.0,85.0,7.0,4.0,3,3,2,2,2,2,4,3,3
EMP101348,Rendra Yudhistira Pradana,4.0,34,Middle,4.0,4.0,3.0,109.0,5.0,9.0,4,5,4,3,1,2,3,3,1
EMP101349,Novi Kusuma,3.0,62,Senior,2.0,4.0,2.0,132.0,1.0,5.0,4,2,5,1,2,4,4,3,2
EMP101350,Bella Dharma Maulida,5.0,64,Senior,5.0,5.0,5.0,81.0,3.0,7.0,3,3,3,1,1,2,4,4,2
EMP101351,Dwi Tamba,4.0,69,Senior,4.0,4.0,5.0,94.0,3.0,1.0,2,2,3,3,2,1,4,3,2
EMP101352,Dian Sinaga,1.0,49,Middle,2.0,1.0,1.0,120.0,3.0,3.0,4,4,6,3,3,3,2,1,3
EMP101353,Prasetyo Halim,4.0,42,Middle,5.0,4.0,5.0,108.0,6.0,8.0,4,4,1,1,3,1,1,6,1
EMP101354,Wulan Aji Rohman,3.0,56,Middle,4.0,3.0,3.0,109.0,7.0,1.0,4,3,5,3,3,1,3,5,4
EMP101355,Utami Halim,1.0,39,Middle,2.0,1.0,1.0,109.0,6.0,5.0,3,4,3,2,2,4,3,2,4
EMP101356,Yuni Ramadhan,4.0,56,Middle,4.0,4.0,4.0,140.0,7.0,9.0,1,1,3,3,2,3,2,2,4
EMP101358,Kurnia Maulana,4.0,30,Middle,4.0,3.0,5.0,108.0,8.0,8.0,6,5,5,1,2,3,2,6,4
EMP101359,Fajar Iqbal Simanjuntak,4.0,92,Senior,3.0,4.0,4.0,95.0,3.0,8.0,5,1,6,3,2,2,1,2,4
EMP101361,Adi Pratama,1.0,77,Senior,1.0,1.0,3.0,93.0,5.0,1.0,3,1,1,3,3,2,2,3,2
EMP101362,Valdo Kusuma,5.0,26,Middle,5.0,5.0,5.0,97.0,3.0,2.0,6,1,5,1,2,1,4,1,4
EMP101363,Rafa Gunawan,3.0,28,Middle,3.0,3.0,3.0,133.0,8.0,9.0,4,4,2,3,2,1,4,5,2
EMP101364,Rizky Baskara Handayani,3.0,74,Senior,3.0,2.0,4.0,109.0,9.0,9.0,5,2,4,3,3,1,4,3,1
EMP101365,Teguh Setiawan,4.0,110,Senior,4.0,5.0,4.0,109.0,4.0,5.0,6,3,5,3,1,2,4,6,1
EMP101366,Rani Firmansyah,2.0,67,Senior,2.0,3.0,2.0,117.0,3.0,9.0,4,5,2,3,2,3,4,3,2
EMP101367,Ahmad Nugroho,5.0,73,Senior,5.0,5.0,5.0,109.0,6.0,7.0,2,4,3,2,2,4,1,3,2
EMP101368,Julia Herlambang,3.0,48,Middle,4.0,2.0,2.0,104.0,2.0,8.0,3,1,3,3,1,3,3,3,1
EMP101369,Dimas Yudhistira Pratomo,4.0,65,Senior,5.0,5.0,5.0,90.0,2.0,3.0,6,5,6,2,3,3,3,2,3
EMP101370,Iman Rachman Simanjuntak,3.0,55,Middle,2.0,2.0,4.0,128.0,4.0,7.0,3,1,1,2,1,3,2,5,4
EMP101371,Anisa Kurniawan,4.0,44,Middle,4.0,3.0,4.0,109.0,3.0,7.0,2,4,2,2,1,3,2,5,2
EMP101372,Adit Gunawan,4.0,51,Middle,4.0,3.0,4.0,134.0,8.0,6.0,6,5,2,3,2,1,4,3,3
EMP101373,Hana Aji Sinaga,3.0,40,Middle,3.0,2.0,3.0,81.0,9.0,5.0,3,3,2,1,3,2,1,3,4
EMP101374,Anisa Qolbi Kurniawan,2.0,14,Junior,1.0,2.0,2.0,118.0,4.0,3.0,3,5,3,2,1,2,1,5,2
EMP101375,Lestari Salsabila,4.0,71,Senior,4.0,5.0,5.0,109.0,6.0,5.0,3,3,1,3,3,3,3,4,2
EMP101376,Iman Tamba,3.0,74,Senior,2.0,3.0,3.0,128.0,7.0,9.0,5,4,1,2,2,2,1,3,3
EMP101377,Dwi Utama Fauziah,2.0,61,Senior,3.0,2.0,2.0,90.0,4.0,2.0,1,3,5,1,1,2,2,3,4
EMP101379,Oka Pamungkas,5.0,21,Middle,5.0,5.0,5.0,89.0,1.0,2.0,5,1,6,3,1,3,4,3,4
EMP101380,Teguh Utama Pratomo,4.0,45,Middle,4.0,4.0,4.0,108.0,1.0,4.0,4,2,2,3,3,2,3,1,4
EMP101381,Kurnia Ridwan,4.0,47,Middle,4.0,4.0,3.0,110.0,8.0,5.0,3,4,1,1,3,4,1,5,4
EMP101382,Citra Zulfikar Siregar,4.0,79,Senior,3.0,4.0,3.0,112.0,9.0,5.0,5,3,3,2,2,2,1,2,3
EMP101384,Indra Ginting,3.0,62,Senior,3.0,3.0,3.0,112.0,8.0,1.0,6,5,6,1,1,2,2,1,1
EMP101385,Dian Yudhistira Lestari,3.0,19,Middle,3.0,3.0,2.0,109.0,4.0,6.0,4,5,4,1,3,2,4,1,2
EMP101387,Zahra Wibowo,3.0,27,Middle,3.0,2.0,2.0,112.0,2.0,8.0,6,4,6,3,3,3,2,2,2
EMP101388,Ayunda Tri Hidayat,3.0,59,Middle,3.0,2.0,3.0,116.0,9.0,9.0,3,1,6,2,3,3,3,6,1
EMP101389,Rizka Erlangga Siregar,2.0,56,Middle,1.0,2.0,0.0,91.0,2.0,4.0,6,1,2,2,1,1,1,1,1
EMP101390,Wahyu Pramudita Gunawan,3.0,64,Senior,2.0,2.0,4.0,138.0,4.0,4.0,1,3,1,1,3,4,4,5,1
EMP101391,Dewi Fauziah,3.0,4,Junior,3.0,3.0,3.0,109.0,3.0,5.0,3,4,4,3,2,3,1,2,1
EMP101392,Yoga Siregar,2.0,64,Senior,1.0,2.0,1.0,121.0,3.0,6.0,4,4,2,1,1,1,1,1,2
EMP101393,Evi Jatmiko Halim,4.0,85,Senior,4.0,4.0,4.0,91.0,5.0,7.0,6,5,1,3,2,4,4,1,4
EMP101394,Ari Utami,3.0,49,Middle,3.0,3.0,2.0,109.0,2.0,2.0,4,2,4,2,1,3,3,4,3
EMP101395,Nabila Saputra Setiawan,4.0,111,Senior,5.0,4.0,5.0,109.0,8.0,5.0,3,2,4,2,1,1,1,1,4
EMP101396,Gita Ginting,5.0,36,Middle,5.0,5.0,5.0,105.0,8.0,2.0,5,5,3,1,1,3,1,4,4
EMP101397,Gita Wijaya Setiawan,3.0,53,Middle,3.0,3.0,3.0,103.0,8.0,8.0,4,2,1,2,2,4,1,3,2
EMP101398,Umar Kusuma,4.0,42,Middle,3.0,5.0,4.0,100.0,7.0,5.0,3,4,1,1,3,4,3,2,4
EMP101399,Utami Rohman,3.0,2,Junior,3.0,4.0,3.0,117.0,1.0,7.0,2,4,1,3,1,2,4,4,1
EMP101400,Rendra Rachman Wijaya,4.0,18,Middle,4.0,3.0,3.0,106.0,5.0,9.0,2,3,1,3,3,1,3,4,2
EMP101401,Evi Situmorang,2.0,74,Senior,2.0,1.0,3.0,138.0,3.0,2.0,1,4,1,1,3,2,1,2,3
EMP101402,Wulan Dharma Nugroho,3.0,86,Senior,3.0,3.0,2.0,129.0,8.0,5.0,2,2,3,1,1,3,3,3,2
EMP101403,Oktavia Jatmiko Utami,4.0,71,Senior,3.0,4.0,3.0,122.0,4.0,5.0,2,3,5,3,3,2,1,5,2
EMP101405,Putri Purnama,0.0,71,Senior,1.0,2.0,2.0,124.0,6.0,6.0,5,5,1,2,1,3,1,6,2
EMP101406,Ahmad Zulfikar Rohman,3.0,82,Senior,3.0,4.0,2.0,117.0,4.0,3.0,5,3,1,3,1,2,2,3,1
EMP101407,Zahra Jatmiko Hartanto,3.0,23,Middle,2.0,3.0,3.0,136.0,2.0,1.0,3,2,1,2,3,4,1,2,4
EMP101408,Vania Aji Ginting,3.0,53,Middle,3.0,3.0,3.0,102.0,1.0,8.0,3,3,6,2,3,2,3,2,2
EMP101409,Rendra Utama Handayani,3.0,58,Middle,3.0,4.0,3.0,103.0,6.0,1.0,3,4,5,2,3,1,4,4,3
EMP101410,Andi Ganesha Handayani,3.0,46,Middle,3.0,3.0,3.0,91.0,8.0,6.0,3,3,5,1,3,2,3,1,4
EMP101411,Dwi Firmansyah,3.0,73,Senior,4.0,3.0,3.0,109.0,4.0,7.0,5,1,6,1,2,3,2,1,1
EMP101412,Mahendra Kurniawan,3.0,38,Middle,3.0,3.0,3.0,109.0,7.0,6.0,4,4,3,2,1,2,3,1,4
EMP101413,Nugroho Fadillah Rahmawati,4.0,24,Middle,3.0,4.0,4.0,104.0,6.0,1.0,5,2,6,1,3,2,1,4,1
EMP101414,Rafa Lestari,3.0,39,Middle,3.0,3.0,3.0,127.0,1.0,6.0,4,5,3,3,2,2,2,5,1
EMP101415,Hadi Adi Anggara,4.0,58,Middle,3.0,4.0,4.0,96.0,8.0,5.0,6,1,3,3,2,2,2,2,1
EMP101416,Prasetyo Tri Halim,2.0,1,Junior,2.0,1.0,3.0,109.0,7.0,1.0,1,1,4,2,1,1,1,1,2
EMP101417,Arif Halim,2.0,34,Middle,2.0,1.0,2.0,127.0,4.0,1.0,3,5,6,1,3,1,1,6,1
EMP101418,Kartika Kurniawan,2.0,3,Junior,2.0,3.0,1.0,105.0,4.0,3.0,6,4,1,1,2,4,4,5,4
EMP101419,Bella Siregar,3.0,13,Junior,4.0,4.0,4.0,87.0,2.0,6.0,1,2,6,3,3,1,1,4,2
EMP101420,Cahyo Rachman Indrawan,4.0,73,Senior,5.0,3.0,4.0,95.0,2.0,7.0,3,4,2,3,2,1,4,1,3
EMP101421,Galih Santoso,4.0,81,Senior,2.0,3.0,1.0,119.0,8.0,2.0,3,4,6,1,3,2,2,6,2
EMP101422,Hana Pratomo,2.0,33,Middle,2.0,3.0,1.0,120.0,2.0,9.0,4,2,5,3,1,3,4,2,1
EMP101423,Galih Gunawan,3.0,69,Senior,3.0,2.0,3.0,111.0,5.0,9.0,2,3,1,3,2,2,3,5,3
EMP101424,Yoga Aji Hidayat,3.0,78,Senior,4.0,2.0,3.0,109.0,2.0,9.0,6,3,3,1,3,3,3,6,1
EMP101425,Wahyu Aji Situmorang,2.0,53,Middle,2.0,3.0,2.0,109.0,1.0,2.0,5,2,4,1,2,1,4,6,3
EMP101426,Utami Yulianto,3.0,27,Middle,2.0,2.0,4.0,107.0,3.0,8.0,6,3,5,1,2,4,1,3,2
EMP101427,Arif Pratama,4.0,53,Middle,5.0,3.0,4.0,109.0,9.0,3.0,5,1,4,2,3,3,3,5,4
EMP101428,Umar Wibowo,5.0,90,Senior,5.0,5.0,5.0,109.0,4.0,6.0,2,4,3,2,3,1,1,3,2
EMP101429,Yoga Erlangga Hidayat,3.0,40,Middle,3.0,3.0,3.0,80.0,8.0,1.0,4,5,1,3,1,3,1,6,4
EMP101430,Iman Fauziah,2.0,22,Middle,2.0,3.0,3.0,139.0,5.0,3.0,4,5,6,1,1,4,2,1,1
EMP101431,Valdo Rahmawati,4.0,68,Senior,4.0,4.0,4.0,109.0,8.0,2.0,1,4,4,1,2,4,1,2,1
EMP101432,Lestari Hasibuan,3.0,45,Middle,2.0,3.0,3.0,109.0,5.0,4.0,5,3,4,2,2,3,1,5,2
EMP101433,Anisa Zulfikar Rohman,4.0,61,Senior,1.0,1.0,1.0,124.0,9.0,6.0,2,2,3,3,2,2,4,6,1
EMP101434,Vania Rachman Gunawan,3.0,55,Middle,3.0,3.0,3.0,109.0,7.0,2.0,6,4,4,1,3,3,1,6,4
EMP101435,Bayu Anggara,2.0,25,Middle,2.0,2.0,3.0,109.0,3.0,7.0,3,4,4,1,2,2,1,4,1
EMP101436,Nabila Hartanto,4.0,66,Senior,3.0,3.0,3.0,80.0,8.0,5.0,4,4,2,3,2,1,1,1,4
EMP101437,Kurnia Zulfikar Indrawan,4.0,25,Middle,4.0,4.0,3.0,125.0,7.0,1.0,4,5,6,2,3,3,1,4,3
EMP101438,Kurnia Fauziah,2.0,7,Junior,2.0,1.0,2.0,140.0,6.0,7.0,1,2,5,1,1,2,4,5,1
EMP101439,Oka Anugrah Hidayat,5.0,57,Middle,3.0,2.0,3.0,123.0,5.0,1.0,5,1,5,1,2,1,3,3,4
EMP101440,Ari Lestari Fauziah,4.0,62,Senior,4.0,5.0,3.0,119.0,9.0,1.0,1,5,2,2,2,1,2,3,2
EMP101441,Mahendra Pradana,3.0,103,Senior,3.0,3.0,3.0,134.0,7.0,5.0,6,5,1,3,1,3,3,1,1
EMP101442,Valdo Saputra Fauziah,3.0,65,Senior,3.0,3.0,3.0,94.0,5.0,5.0,2,1,5,1,1,4,4,1,4
EMP101443,Teguh Iqbal Siregar,4.0,54,Middle,4.0,4.0,3.0,92.0,5.0,4.0,2,1,6,2,2,2,2,1,3
EMP101444,Rizky Siregar,3.0,63,Senior,3.0,3.0,2.0,86.0,4.0,5.0,4,2,1,3,2,1,3,5,3
EMP101445,Ayunda Qolbi Hartanto,3.0,45,Middle,4.0,2.0,3.0,108.0,6.0,1.0,2,5,3,1,3,1,1,5,1
EMP101446,Fitri Adi Pratomo,5.0,67,Senior,5.0,4.0,5.0,94.0,7.0,6.0,4,2,1,2,1,2,4,3,4
EMP101447,Rendra Pramudita Situmorang,3.0,52,Middle,3.0,3.0,2.0,94.0,9.0,9.0,4,5,6,1,1,3,4,1,3
EMP101448,Dewi Herlambang,4.0,5,Junior,5.0,5.0,4.0,109.0,8.0,5.0,4,5,4,3,3,3,1,3,2
EMP101449,Bella Hidayat,1.0,73,Senior,2.0,1.0,1.0,117.0,6.0,7.0,1,1,3,1,1,4,2,4,2
EMP101450,Fajar Iqbal Permadi,4.0,42,Middle,4.0,3.0,4.0,98.0,5.0,7.0,4,5,2,1,2,3,3,4,4
EMP101451,Bayu Kusuma,5.0,103,Senior,5.0,5.0,5.0,125.0,7.0,2.0,1,2,1,1,1,1,2,5,2
EMP101452,Dimas Wibowo,2.0,25,Middle,2.0,2.0,2.0,128.0,7.0,5.0,3,2,1,2,2,2,2,6,3
EMP101453,Adi Saputra Pratomo,4.0,68,Senior,3.0,3.0,4.0,106.0,8.0,8.0,4,4,6,3,1,3,2,3,4
EMP101454,Utami Adi Siregar,3.0,45,Middle,3.0,4.0,4.0,109.0,5.0,8.0,5,3,1,2,2,1,1,2,3
EMP101455,Galih Mahardika Wibowo,4.0,68,Senior,4.0,3.0,5.0,83.0,9.0,2.0,6,1,2,3,1,3,4,3,1
EMP101456,Nurlita Rachman Ramadhan,4.0,59,Middle,4.0,5.0,4.0,123.0,4.0,2.0,4,4,5,3,3,3,4,1,1
EMP101457,Arif Simanjuntak,2.0,93,Senior,2.0,2.0,2.0,125.0,7.0,7.0,5,5,6,3,2,3,3,1,1
EMP101458,Oktavia Kusuma Pratama,4.0,22,Middle,4.0,4.0,4.0,104.0,8.0,8.0,4,5,1,2,2,3,3,2,4
EMP101459,Hadi Qolbi Ananda,4.0,63,Senior,3.0,2.0,3.0,98.0,3.0,6.0,2,1,5,1,3,4,1,1,4
EMP101460,Zahra Fadillah Saputra,5.0,66,Senior,5.0,3.0,5.0,90.0,3.0,9.0,4,1,6,3,1,1,2,6,4
EMP101461,Dimas Halim Wijaya,3.0,76,Senior,3.0,3.0,3.0,80.0,2.0,4.0,5,1,5,1,1,4,3,2,1
EMP101462,Dwi Pratomo,3.0,50,Middle,3.0,3.0,3.0,137.0,5.0,7.0,3,1,1,1,2,3,3,4,1
EMP101463,Budi Mahendra,4.0,2,Junior,4.0,4.0,4.0,88.0,9.0,5.0,5,5,3,3,3,4,3,3,1
EMP101464,Arif Utami,1.0,37,Middle,1.0,1.0,1.0,129.0,1.0,9.0,1,2,2,3,2,3,3,2,4
EMP101465,Oka Lestari Simanjuntak,3.0,84,Senior,3.0,3.0,3.0,94.0,9.0,1.0,6,4,2,3,3,2,3,2,3
EMP101466,Kartika Ramadhan,2.0,97,Senior,2.0,2.0,3.0,109.0,9.0,5.0,1,3,4,3,1,1,3,5,4
EMP101467,Bella Aji Siregar,4.0,35,Middle,4.0,4.0,4.0,89.0,4.0,8.0,2,1,5,1,1,1,2,3,4
EMP101468,Yuni Nugroho,3.0,10,Junior,3.0,2.0,2.0,140.0,6.0,5.0,6,1,5,2,1,4,4,6,4
EMP101469,Rizka Wijaya Kurniawan,4.0,32,Middle,4.0,5.0,3.0,136.0,1.0,8.0,1,1,2,1,1,4,2,3,3
EMP101470,Citra Simanjuntak,4.0,76,Senior,3.0,4.0,5.0,82.0,8.0,2.0,4,1,2,1,1,2,1,1,4
EMP101471,Rani Hidayat,4.0,46,Middle,4.0,3.0,5.0,109.0,5.0,3.0,5,3,4,3,1,1,4,3,4
EMP101472,Mahendra Baskara Purnama,3.0,41,Middle,4.0,4.0,2.0,93.0,5.0,5.0,5,2,5,1,1,2,2,4,1
EMP101473,Kurnia Lukman,4.0,110,Senior,4.0,4.0,4.0,106.0,7.0,2.0,6,4,3,1,2,3,3,4,1
EMP101474,Hadi Ramadhan,3.0,28,Middle,4.0,3.0,4.0,127.0,2.0,5.0,2,1,2,1,3,3,2,3,2
EMP101475,Rifqi Permadi,2.0,51,Middle,3.0,1.0,2.0,127.0,7.0,6.0,5,1,1,2,1,1,2,3,1
EMP101476,Mahendra Wijaya Pamungkas,3.0,95,Senior,3.0,2.0,2.0,137.0,5.0,2.0,2,2,2,2,1,2,1,4,2
EMP101477,Putri Indrawan,4.0,16,Junior,5.0,4.0,5.0,86.0,2.0,1.0,1,2,3,3,2,4,3,2,3
EMP101478,Ayunda Wibowo,1.0,79,Senior,1.0,2.0,1.0,88.0,9.0,6.0,3,1,5,2,3,3,1,2,1
EMP101480,Rizki Yudhistira Hartanto,4.0,45,Middle,3.0,4.0,4.0,105.0,8.0,1.0,6,4,5,1,1,2,1,6,4
EMP101481,Bella Situmorang,3.0,88,Senior,3.0,3.0,2.0,105.0,9.0,5.0,2,5,2,1,3,2,4,2,1
EMP101482,Dimas Suharto,3.0,43,Middle,3.0,2.0,3.0,116.0,7.0,4.0,2,3,6,2,3,2,3,3,1
EMP101483,Ayunda Iqbal Fauziah,4.0,79,Senior,3.0,4.0,3.0,133.0,5.0,5.0,2,4,5,2,1,3,2,6,4
EMP101484,Oka Qolbi Mahendra,5.0,15,Junior,5.0,5.0,5.0,109.0,8.0,8.0,1,5,4,2,3,1,2,5,1
EMP101485,Maya Salsabila,1.0,37,Middle,1.0,1.0,1.0,85.0,7.0,5.0,2,4,1,2,2,4,1,5,1
EMP101486,Yoga Utama Utami,1.0,17,Junior,1.0,1.0,1.0,103.0,3.0,5.0,4,1,5,2,2,2,1,5,1
EMP101487,Rizka Siregar,4.0,47,Middle,5.0,3.0,3.0,85.0,9.0,4.0,6,2,6,3,2,3,2,3,2
EMP101488,Yuni Tri Maulida,2.0,13,Junior,2.0,2.0,2.0,109.0,5.0,1.0,4,1,4,1,2,4,1,2,3
EMP101489,Anisa Adi Anggara,4.0,35,Middle,4.0,4.0,3.0,109.0,3.0,2.0,1,3,4,1,1,4,1,4,1
EMP101490,Rizki Nabila Utami,2.0,81,Senior,1.0,1.0,3.0,109.0,3.0,9.0,2,5,4,1,1,4,3,3,1
EMP101492,Bella Salsabila,3.0,54,Middle,3.0,2.0,3.0,109.0,3.0,4.0,2,5,6,2,3,4,4,5,3
EMP101493,Rani Utama Nugroho,4.0,45,Middle,4.0,4.0,99.0,90.0,8.0,7.0,1,1,1,2,1,2,2,4,4
EMP101495,Gita Yudhistira Maulida,5.0,13,Junior,5.0,0.0,5.0,98.0,6.0,4.0,2,2,5,3,2,3,1,5,4
EMP101496,Tania Zulfikar Kurniawan,3.0,70,Senior,3.0,3.0,2.0,85.0,6.0,9.0,1,4,5,1,3,1,1,2,3
EMP101497,Bayu Santoso,3.0,65,Senior,3.0,3.0,2.0,117.0,7.0,7.0,6,5,1,2,1,3,1,1,1
EMP101498,Luthfi Santoso,3.0,82,Senior,3.0,3.0,2.0,109.0,5.0,4.0,1,1,4,3,1,3,2,6,3
EMP101499,Hadi Sinaga,2.0,65,Senior,2.0,2.0,2.0,109.0,5.0,2.0,5,1,4,3,1,1,4,2,3
EMP101500,Joko Ganesha Pratomo,2.0,48,Middle,3.0,3.0,2.0,138.0,4.0,1.0,2,5,6,2,1,3,1,3,1
EMP101501,Dinda Utama Salsabila,3.0,35,Middle,3.0,3.0,3.0,139.0,2.0,5.0,3,1,6,2,3,2,1,3,1
EMP101502,Ayunda Gunawan,3.0,28,Middle,4.0,2.0,2.0,138.0,8.0,1.0,1,5,3,3,3,2,3,2,4
EMP101503,Citra Indrawan,2.0,54,Middle,1.0,3.0,2.0,138.0,8.0,8.0,2,1,1,3,2,3,3,4,2
EMP101504,Putri Lukman,3.0,71,Senior,3.0,3.0,3.0,96.0,7.0,5.0,5,1,1,1,1,1,1,2,3
EMP101505,Vania Jatmiko Kusuma,4.0,21,Middle,5.0,4.0,3.0,109.0,8.0,2.0,1,3,4,1,1,1,4,6,2
EMP101506,Putri Dharma Rahmawati,1.0,77,Senior,1.0,1.0,1.0,100.0,6.0,4.0,3,4,1,3,2,2,3,5,2
EMP101507,Hadi Herlambang,4.0,72,Senior,5.0,4.0,4.0,109.0,1.0,6.0,4,4,4,3,2,3,2,4,4
EMP101508,Iman Zulfikar,5.0,78,Senior,4.0,5.0,5.0,132.0,1.0,9.0,5,3,6,2,2,3,1,5,3
EMP101511,Indra Rachman Siregar,2.0,65,Senior,1.0,2.0,3.0,109.0,5.0,7.0,6,4,4,1,3,3,2,3,3
EMP101512,Vania Permadi,4.0,24,Middle,4.0,3.0,4.0,136.0,3.0,5.0,5,4,1,3,2,3,2,2,1
EMP101513,Ayu Gunawan,3.0,27,Middle,2.0,4.0,4.0,109.0,3.0,8.0,3,3,4,1,2,2,1,6,1
EMP101514,Julia Pramudita Situmorang,3.0,65,Senior,3.0,3.0,3.0,94.0,8.0,7.0,5,3,6,2,1,4,4,5,1
EMP101515,Intan Indrawan,2.0,59,Middle,2.0,2.0,1.0,122.0,8.0,3.0,5,2,3,3,1,4,3,3,3
EMP101516,Galih Pradana,2.0,78,Senior,3.0,3.0,3.0,85.0,4.0,5.0,6,3,6,2,1,2,1,5,3
EMP101517,Galih Saputra Nugroho,3.0,20,Middle,3.0,3.0,4.0,109.0,9.0,4.0,2,2,4,3,2,2,3,4,3
EMP101518,Ayunda Mahendra,1.0,25,Middle,3.0,3.0,1.0,125.0,8.0,1.0,2,5,2,3,1,3,2,1,1
EMP101519,Rendra Baskara Pamungkas,3.0,30,Middle,4.0,3.0,3.0,120.0,9.0,2.0,5,1,3,2,2,2,1,1,2
EMP101520,Dimas Tamba,4.0,75,Senior,3.0,5.0,5.0,100.0,9.0,9.0,3,3,2,2,1,1,1,1,2
EMP101521,Utami Utami,3.0,92,Senior,3.0,3.0,3.0,104.0,2.0,9.0,5,3,3,2,3,1,4,6,4
EMP101522,Lestari Permadi,3.0,19,Middle,3.0,2.0,4.0,139.0,3.0,7.0,5,3,5,2,3,3,2,6,4
EMP101523,Maya Halim,3.0,17,Junior,4.0,2.0,2.0,123.0,8.0,5.0,4,2,1,1,1,1,3,2,2
EMP101525,Rani Aji Indrawan,5.0,74,Senior,4.0,3.0,5.0,99.0,4.0,2.0,3,1,5,2,2,3,4,4,3
EMP101526,Ayu Maulida,3.0,43,Middle,2.0,3.0,2.0,109.0,5.0,3.0,6,2,4,2,2,1,2,6,1
EMP101527,Eko Nugroho,3.0,20,Middle,2.0,4.0,3.0,99.0,3.0,9.0,4,4,6,3,3,2,3,4,3
EMP101528,Wahyu Nabila Anggara,4.0,96,Senior,2.0,3.0,3.0,129.0,9.0,6.0,5,2,6,1,1,2,1,6,1
EMP101529,Dian Qolbi Santoso,1.0,27,Middle,1.0,1.0,1.0,84.0,5.0,2.0,3,2,2,1,3,3,4,6,1
EMP101530,Bella Ananda,3.0,37,Middle,3.0,3.0,3.0,86.0,7.0,2.0,1,3,2,2,2,2,1,6,4
EMP101531,Cahyo Firmansyah,3.0,55,Middle,3.0,4.0,2.0,93.0,6.0,3.0,2,1,3,2,1,1,3,4,2
EMP101532,Nurlita Lestari,1.0,17,Junior,1.0,1.0,1.0,134.0,7.0,7.0,2,3,2,2,3,4,2,4,3
EMP101533,Fajar Hasibuan,4.0,25,Middle,4.0,4.0,4.0,135.0,1.0,9.0,1,4,5,1,2,3,1,3,2
EMP101534,Nadia Kusuma Zulfikar,4.0,76,Senior,5.0,3.0,4.0,114.0,7.0,7.0,5,2,2,3,3,4,2,5,1
EMP101535,Dimas Halim,4.0,47,Middle,4.0,4.0,4.0,130.0,9.0,5.0,2,4,5,2,2,2,1,3,1
EMP101536,Indra Syahputra,5.0,25,Middle,5.0,5.0,4.0,100.0,6.0,8.0,5,5,5,3,1,2,2,3,4
EMP101537,Kartika Candra Firmansyah,4.0,37,Middle,4.0,4.0,4.0,109.0,2.0,1.0,3,4,4,3,1,3,2,3,4
EMP101538,Satya Sinaga,4.0,12,Junior,4.0,3.0,4.0,99.0,5.0,8.0,5,1,1,3,3,1,4,3,1
EMP101539,Intan Wijaya Ridwan,2.0,87,Senior,2.0,2.0,2.0,85.0,5.0,5.0,5,4,3,3,2,2,1,1,3
EMP101540,Oktavia Herlambang,3.0,82,Senior,3.0,3.0,3.0,85.0,1.0,5.0,3,3,1,1,1,4,2,1,3
EMP101541,Ayunda Adi Kurniawan,2.0,47,Middle,3.0,2.0,1.0,89.0,2.0,5.0,6,3,6,3,1,4,1,5,2
EMP101542,Rama Firmansyah,4.0,54,Middle,4.0,4.0,3.0,114.0,5.0,4.0,6,3,3,2,3,4,1,6,4
EMP101543,Iman Rahmawati,3.0,91,Senior,3.0,3.0,3.0,82.0,2.0,2.0,2,1,2,3,3,4,4,2,2
EMP101544,Dewi Wibowo,3.0,78,Senior,3.0,3.0,3.0,123.0,5.0,8.0,2,1,5,2,2,1,4,4,2
EMP101545,Fajar Santoso,3.0,52,Middle,3.0,3.0,3.0,130.0,3.0,6.0,2,1,5,2,1,3,3,5,1
EMP101546,Zahra Candra Salsabila,3.0,26,Middle,3.0,3.0,3.0,88.0,4.0,4.0,3,4,5,3,2,1,3,2,2
EMP101547,Iman Maulana,5.0,12,Junior,5.0,5.0,5.0,136.0,5.0,9.0,5,3,5,1,2,4,3,1,1
EMP101549,Cahyo Zulfikar Utami,3.0,13,Junior,2.0,3.0,3.0,88.0,1.0,3.0,1,2,1,1,2,4,2,4,2
EMP101550,Ayunda Firmansyah,5.0,59,Middle,5.0,5.0,5.0,109.0,4.0,2.0,3,5,5,2,3,4,1,4,2
EMP101551,Hana Saputra Pamungkas,5.0,39,Middle,4.0,5.0,5.0,86.0,8.0,9.0,5,2,6,3,1,2,4,3,1
EMP101552,Evi Dharma Pamungkas,4.0,61,Senior,4.0,4.0,3.0,129.0,3.0,9.0,5,1,3,2,1,3,3,1,4
EMP101553,Oktavia Rohman,2.0,42,Middle,2.0,1.0,2.0,109.0,6.0,8.0,4,5,4,3,2,4,1,5,4
EMP101554,Adit Jatmiko Setiawan,3.0,61,Senior,3.0,4.0,3.0,97.0,4.0,3.0,4,5,5,3,3,2,1,3,2
EMP101555,Bayu Nabila Lestari,3.0,32,Middle,3.0,3.0,2.0,116.0,4.0,5.0,2,2,3,3,2,2,1,4,1
EMP101556,Satya Pramudita Rahmawati,2.0,64,Senior,2.0,3.0,3.0,100.0,1.0,4.0,6,3,1,3,3,2,4,3,2
EMP101557,Rendra Zulfikar Wijaya,1.0,7,Junior,3.0,2.0,1.0,93.0,8.0,6.0,4,2,3,1,3,4,4,5,2
EMP101559,Hana Lestari Wijaya,5.0,55,Middle,5.0,4.0,4.0,86.0,2.0,2.0,2,2,2,1,1,2,4,5,4
EMP101560,Gita Maulida,3.0,84,Senior,3.0,3.0,2.0,86.0,9.0,4.0,2,4,6,3,2,1,2,3,1
EMP101562,Cahyo Lukman,2.0,80,Senior,3.0,3.0,2.0,137.0,1.0,5.0,3,4,3,2,3,4,2,4,3
EMP101564,Prasetyo Pramudita Purnama,3.0,37,Middle,2.0,3.0,3.0,109.0,3.0,6.0,6,1,1,3,3,1,1,3,1
EMP101565,Oka Subekti,3.0,82,Senior,3.0,3.0,4.0,109.0,6.0,8.0,6,1,4,1,1,2,1,4,2
EMP101566,Iman Purnama,4.0,39,Middle,4.0,4.0,4.0,139.0,6.0,2.0,2,3,2,2,3,4,1,3,4
EMP101567,Putri Santoso,2.0,62,Senior,3.0,2.0,2.0,136.0,8.0,8.0,1,2,6,2,1,1,2,5,1
EMP101568,Anisa Setiawan,4.0,35,Middle,4.0,3.0,4.0,108.0,6.0,7.0,2,3,1,2,3,1,1,3,4
EMP101569,Cahyo Pramudita Nugroho,3.0,16,Junior,4.0,2.0,3.0,117.0,3.0,5.0,4,2,2,3,2,2,3,2,1
EMP101570,Putri Zulfikar Lukman,5.0,52,Middle,5.0,5.0,5.0,98.0,7.0,3.0,5,4,6,1,3,1,3,4,3
EMP101572,Kartika Mahardika Sinaga,2.0,49,Middle,1.0,2.0,3.0,94.0,6.0,6.0,5,3,5,1,2,4,3,6,2
EMP101573,Citra Aji Sinaga,5.0,69,Senior,5.0,5.0,5.0,138.0,3.0,7.0,2,3,3,2,2,1,2,3,4
EMP101574,Nurlita Zulfikar Zulfikar,4.0,90,Senior,4.0,6.0,5.0,138.0,2.0,7.0,2,3,2,2,3,1,2,4,2
EMP101575,Tania Halim Halim,2.0,32,Middle,2.0,2.0,3.0,109.0,6.0,4.0,2,5,4,2,3,1,2,4,2
EMP101576,Putri Rachman Ginting,4.0,46,Middle,3.0,4.0,5.0,139.0,3.0,1.0,4,3,6,3,2,3,3,5,2
EMP101577,Rifqi Ganesha Kusuma,4.0,61,Senior,4.0,4.0,5.0,109.0,6.0,2.0,5,4,4,1,1,2,1,6,3
EMP101578,Adit Rahmawati,5.0,48,Middle,5.0,5.0,5.0,139.0,4.0,1.0,3,5,5,2,3,2,1,4,4
EMP101580,Wulan Iqbal Firmansyah,2.0,20,Middle,2.0,2.0,2.0,109.0,7.0,8.0,3,2,4,2,3,4,3,3,1
EMP101581,Fitri Handayani,3.0,69,Senior,2.0,3.0,2.0,84.0,2.0,5.0,1,1,5,1,2,4,4,1,4
EMP101583,Rani Salsabila,4.0,20,Middle,4.0,4.0,4.0,125.0,1.0,2.0,5,3,6,1,2,4,4,5,1
EMP101585,Yoga Hasibuan,2.0,55,Middle,3.0,1.0,3.0,98.0,1.0,7.0,2,3,1,1,1,4,2,5,4
EMP101586,Kurnia Yulianto,4.0,24,Middle,5.0,4.0,3.0,128.0,9.0,3.0,4,3,2,3,3,2,3,4,1
EMP101587,Rizki Dharma Lukman,5.0,88,Senior,4.0,5.0,4.0,138.0,2.0,3.0,3,4,2,2,2,2,2,4,3
EMP101588,Joko Jatmiko Handayani,3.0,108,Senior,4.0,2.0,3.0,128.0,5.0,8.0,5,5,1,2,1,4,2,2,3
EMP101589,Joko Adi Utami,4.0,99,Senior,5.0,4.0,4.0,121.0,6.0,8.0,6,5,2,3,2,4,3,6,1
EMP101590,Citra Nugroho,5.0,52,Middle,3.0,5.0,3.0,105.0,1.0,2.0,1,5,5,3,1,3,4,3,2
EMP101591,Andi Situmorang,5.0,71,Senior,5.0,5.0,5.0,117.0,7.0,4.0,2,1,5,3,1,3,3,2,2
EMP101593,Citra Subekti,2.0,45,Middle,3.0,2.0,2.0,109.0,7.0,6.0,1,4,6,3,3,4,1,3,1
EMP101594,Nugroho Rachman Pratomo,4.0,61,Senior,4.0,4.0,5.0,109.0,8.0,1.0,6,3,4,3,2,4,1,6,2
EMP101595,Yoga Erlangga Pratomo,4.0,41,Middle,3.0,3.0,3.0,89.0,7.0,9.0,4,5,1,2,1,4,4,1,4
EMP101596,Dimas Dharma Subekti,4.0,50,Middle,4.0,3.0,3.0,112.0,8.0,8.0,3,4,2,1,3,1,1,1,2
EMP101597,Wahyu Hartanto,3.0,52,Middle,3.0,2.0,3.0,137.0,6.0,5.0,5,3,3,3,3,3,4,5,2
EMP101599,Fitri Aji Permadi,5.0,64,Senior,5.0,5.0,5.0,120.0,6.0,9.0,1,2,3,3,3,2,1,1,4
EMP101600,Ari Qolbi Simanjuntak,4.0,54,Middle,3.0,4.0,4.0,106.0,5.0,5.0,6,2,2,1,3,3,4,5,2
EMP101601,Ayunda Pratama,4.0,33,Middle,3.0,4.0,4.0,86.0,5.0,1.0,2,2,2,1,3,1,1,1,3
EMP101603,Andi Jatmiko Hidayat,5.0,61,Senior,4.0,4.0,5.0,88.0,2.0,6.0,3,1,5,2,3,3,3,5,1
EMP101604,Anisa Anugrah Santoso,4.0,43,Middle,3.0,3.0,4.0,117.0,6.0,8.0,5,1,3,2,1,4,1,5,2
EMP101605,Ahmad Nabila Wijaya,5.0,57,Middle,3.0,3.0,3.0,117.0,4.0,1.0,2,2,2,3,3,4,2,2,4
EMP101606,Nugroho Siregar,2.0,18,Middle,2.0,1.0,2.0,127.0,6.0,7.0,3,3,3,3,1,1,1,6,1
EMP101607,Rama Indrawan,3.0,74,Senior,3.0,3.0,3.0,122.0,6.0,6.0,2,1,1,2,1,4,2,1,1
EMP101608,Budi Iqbal Pamungkas,3.0,75,Senior,3.0,3.0,2.0,117.0,4.0,1.0,3,2,3,2,1,4,4,1,3
EMP101609,Zahra Erlangga Siregar,4.0,68,Senior,2.0,2.0,1.0,85.0,2.0,6.0,2,2,3,3,1,4,3,4,3
EMP101610,Kartika Hasibuan,3.0,20,Middle,3.0,3.0,3.0,94.0,8.0,6.0,6,3,1,1,3,2,2,3,1
EMP101612,Tania Situmorang,2.0,37,Middle,1.0,3.0,3.0,126.0,9.0,4.0,6,2,2,1,3,2,4,3,3
EMP101613,Mahendra Saputra,5.0,68,Senior,3.0,4.0,3.0,116.0,3.0,1.0,4,3,1,3,1,2,2,3,3
EMP101614,Rendra Rohman,3.0,57,Middle,3.0,2.0,2.0,109.0,2.0,6.0,2,3,4,2,3,4,3,4,4
EMP101615,Gita Pamungkas,3.0,23,Middle,3.0,4.0,3.0,109.0,6.0,2.0,3,5,5,2,1,3,4,5,1
EMP101616,Zaki Lestari,2.0,97,Senior,2.0,2.0,2.0,101.0,6.0,5.0,1,4,3,1,1,1,3,3,3
EMP101617,Satya Dharma Sinaga,3.0,43,Middle,3.0,4.0,3.0,109.0,4.0,5.0,4,5,4,1,1,2,1,1,2
EMP101618,Julia Wijaya Santoso,4.0,88,Senior,4.0,3.0,5.0,131.0,7.0,9.0,5,5,5,1,1,3,2,5,4
EMP101619,Fitri Jatmiko Siregar,4.0,4,Junior,5.0,4.0,4.0,84.0,5.0,8.0,5,4,3,3,1,4,4,5,2
EMP101620,Galih Salsabila,4.0,61,Senior,5.0,5.0,4.0,106.0,1.0,2.0,1,2,2,2,1,1,1,1,3
EMP101621,Citra Lukman,4.0,45,Middle,4.0,3.0,4.0,92.0,5.0,6.0,1,3,5,1,2,1,3,2,2
EMP101622,Joko Lestari Nugroho,3.0,60,Senior,3.0,3.0,3.0,83.0,4.0,5.0,5,5,5,1,3,3,4,6,4
EMP101623,Mahendra Baskara Handayani,3.0,24,Middle,3.0,3.0,3.0,99.0,3.0,5.0,5,4,2,1,3,2,2,2,1
EMP101624,Yoga Fauziah,4.0,48,Middle,4.0,4.0,4.0,124.0,7.0,3.0,4,4,3,1,2,2,2,6,1
EMP101625,Rama Siregar,3.0,28,Middle,2.0,4.0,3.0,139.0,6.0,6.0,6,1,5,3,2,1,4,2,3
EMP101626,Ahmad Purnama,2.0,55,Middle,1.0,2.0,2.0,118.0,8.0,8.0,2,1,1,3,3,3,1,5,1
EMP101627,Zahra Ramadhan,4.0,84,Senior,5.0,4.0,4.0,109.0,6.0,4.0,1,2,5,2,3,4,1,6,3
EMP101628,Arif Lestari Hartanto,4.0,74,Senior,3.0,4.0,4.0,82.0,9.0,3.0,4,3,2,1,1,3,2,4,2
EMP101629,Wulan Indrawan,2.0,37,Middle,2.0,2.0,3.0,85.0,2.0,3.0,2,4,3,3,3,3,4,3,4
EMP101630,Rendra Firmansyah,4.0,34,Middle,4.0,4.0,3.0,86.0,2.0,6.0,3,2,3,3,2,2,2,5,3
EMP101632,Putri Ginting,5.0,74,Senior,5.0,5.0,5.0,113.0,1.0,6.0,6,1,3,2,3,4,3,5,3
EMP101633,Intan Saputra Rohman,4.0,27,Middle,3.0,4.0,5.0,95.0,7.0,5.0,4,1,1,3,3,3,3,6,1
EMP101634,Maya Hartanto,3.0,53,Middle,3.0,4.0,4.0,109.0,5.0,6.0,1,4,4,2,2,2,3,3,2
EMP101635,Rama Erlangga Ginting,3.0,64,Senior,3.0,2.0,3.0,80.0,5.0,6.0,5,2,1,3,1,2,1,4,4
EMP101636,Rizka Aji Putra,1.0,32,Middle,1.0,1.0,3.0,81.0,5.0,7.0,2,1,3,2,1,2,2,2,1
EMP101637,Joko Maulana,3.0,54,Middle,3.0,3.0,3.0,109.0,3.0,5.0,3,4,4,2,1,1,1,1,1
EMP101638,Prasetyo Rachman Halim,1.0,48,Middle,2.0,1.0,1.0,82.0,3.0,5.0,5,4,1,3,3,3,4,4,2
EMP101640,Rendra Zulfikar,3.0,54,Middle,2.0,2.0,3.0,126.0,5.0,9.0,5,1,6,1,2,1,4,3,1
EMP101641,Wahyu Herlambang,3.0,46,Middle,3.0,3.0,4.0,109.0,5.0,5.0,6,3,4,2,1,4,3,6,2
EMP101642,Rani Iqbal Tamba,4.0,28,Middle,5.0,4.0,4.0,86.0,9.0,5.0,4,5,3,2,1,3,1,6,2
EMP101643,Nurlita Santoso,4.0,42,Middle,4.0,5.0,5.0,109.0,8.0,5.0,6,3,4,3,1,3,2,1,4
EMP101644,Hadi Purnama,3.0,33,Middle,4.0,3.0,2.0,107.0,9.0,7.0,2,1,6,1,3,1,2,6,3
EMP101645,Bella Tri Wibowo,4.0,57,Middle,3.0,4.0,3.0,90.0,1.0,4.0,3,3,2,2,3,1,1,5,1
EMP101646,Rizki Utama Permadi,2.0,53,Middle,2.0,3.0,3.0,91.0,6.0,7.0,6,2,6,3,3,1,2,6,1
EMP101647,Nugroho Erlangga Wijaya,3.0,38,Middle,3.0,3.0,3.0,120.0,8.0,3.0,1,2,1,2,3,2,1,6,4
EMP101648,Wulan Nabila Pratama,4.0,51,Middle,4.0,5.0,4.0,117.0,7.0,5.0,4,2,3,2,3,3,3,4,1
EMP101649,Eko Ginting,1.0,42,Middle,1.0,1.0,1.0,109.0,9.0,8.0,2,2,4,3,3,4,4,4,1
EMP101650,Adit Wibowo,4.0,51,Middle,5.0,4.0,4.0,109.0,9.0,7.0,2,4,4,3,2,3,2,3,2
EMP101651,Hana Siregar,4.0,20,Middle,3.0,4.0,3.0,109.0,2.0,2.0,6,1,4,1,2,1,2,4,1
EMP101652,Ayu Fauziah,3.0,31,Middle,2.0,2.0,4.0,114.0,4.0,5.0,1,4,1,1,1,4,1,5,1
EMP101653,Kurnia Lestari Mahendra,2.0,11,Junior,2.0,2.0,1.0,109.0,8.0,7.0,2,5,4,2,2,2,2,4,3
EMP101656,Vania Erlangga Ridwan,4.0,63,Senior,4.0,4.0,4.0,106.0,6.0,5.0,5,2,6,2,3,3,4,3,3
EMP101657,Teguh Syahputra,2.0,7,Junior,3.0,2.0,2.0,124.0,6.0,9.0,6,5,3,2,2,3,1,5,1
EMP101658,Yoga Halim Wijaya,1.0,91,Senior,1.0,1.0,1.0,109.0,6.0,7.0,6,3,4,1,3,1,2,6,1
EMP101659,Iman Putra,3.0,84,Senior,2.0,3.0,3.0,82.0,3.0,3.0,6,3,2,2,2,4,2,6,3
EMP101660,Rizka Yulianto,2.0,64,Senior,2.0,1.0,2.0,129.0,7.0,2.0,4,2,5,2,2,4,2,1,3
EMP101661,Adit Yulianto,4.0,20,Middle,5.0,4.0,3.0,80.0,5.0,8.0,3,2,5,1,3,3,2,2,1
EMP101662,Oktavia Rachman Wibowo,2.0,49,Middle,2.0,3.0,2.0,124.0,6.0,9.0,6,3,3,1,1,4,2,3,4
EMP101663,Ahmad Lukman,3.0,44,Middle,4.0,3.0,3.0,109.0,4.0,7.0,6,3,4,2,2,3,2,4,1
EMP101664,Oka Dharma Pamungkas,3.0,54,Middle,2.0,2.0,2.0,91.0,5.0,6.0,6,2,1,2,2,4,2,2,1
EMP101665,Satya Salsabila,4.0,48,Middle,4.0,4.0,4.0,96.0,8.0,6.0,4,1,1,1,1,2,1,2,4
EMP101666,Zahra Ganesha Hidayat,2.0,63,Senior,1.0,2.0,2.0,128.0,5.0,9.0,4,1,6,3,2,3,4,3,2
EMP101667,Dinda Qolbi Siregar,2.0,5,Junior,2.0,1.0,2.0,109.0,3.0,6.0,1,5,4,2,2,1,1,3,4
EMP101668,Hana Situmorang,2.0,62,Senior,2.0,2.0,2.0,117.0,9.0,3.0,5,3,1,1,2,2,2,5,4
EMP101669,Dimas Rahmawati,3.0,41,Middle,4.0,4.0,2.0,130.0,9.0,3.0,2,5,3,3,2,2,4,5,4
EMP101670,Mahendra Erlangga Lukman,3.0,48,Middle,3.0,3.0,3.0,92.0,4.0,3.0,3,3,1,2,2,1,4,1,3
EMP101671,Fitri Ramadhan,2.0,47,Middle,1.0,2.0,2.0,126.0,4.0,4.0,1,3,2,3,2,4,3,6,1
EMP101672,Iman Hasibuan,3.0,52,Middle,3.0,2.0,2.0,90.0,5.0,4.0,2,2,5,1,3,2,2,2,2
EMP101673,Bayu Salsabila,1.0,41,Middle,2.0,2.0,3.0,118.0,8.0,5.0,1,2,3,3,1,3,2,1,2
EMP101674,Ahmad Lestari,3.0,78,Senior,3.0,3.0,3.0,109.0,2.0,9.0,5,4,4,1,1,3,1,5,2
EMP101675,Mahendra Indrawan,5.0,43,Middle,3.0,5.0,5.0,109.0,1.0,4.0,4,1,1,3,2,1,3,2,4
EMP101676,Andi Pamungkas,4.0,20,Middle,5.0,4.0,4.0,125.0,5.0,5.0,6,5,5,1,1,3,2,3,1
EMP101677,Sari Baskara Lestari,3.0,89,Senior,3.0,3.0,2.0,109.0,7.0,6.0,1,3,4,2,1,4,4,6,3
EMP101678,Arif Indrawan,3.0,26,Middle,3.0,4.0,3.0,125.0,5.0,5.0,3,3,5,1,2,2,2,3,3
EMP101679,Dinda Rohman,3.0,52,Middle,2.0,2.0,2.0,109.0,5.0,4.0,3,2,4,2,2,1,2,3,1
EMP101680,Zaki Santoso,3.0,26,Middle,4.0,4.0,4.0,109.0,1.0,6.0,2,1,4,2,1,1,2,5,3
EMP101681,Oktavia Fadillah Firmansyah,4.0,49,Middle,4.0,4.0,3.0,115.0,5.0,2.0,3,2,5,1,1,1,4,6,4
EMP101682,Ayu Adi Putra,3.0,72,Senior,3.0,4.0,3.0,98.0,5.0,8.0,4,1,3,2,2,4,3,3,2
EMP101683,Ahmad Firmansyah,4.0,27,Middle,5.0,4.0,99.0,82.0,5.0,3.0,3,1,1,2,3,3,1,5,1
EMP101684,Bella Utama Ramadhan,5.0,98,Senior,5.0,4.0,3.0,90.0,6.0,5.0,1,3,1,3,2,3,4,2,1
EMP101685,Zahra Saputra,3.0,71,Senior,3.0,3.0,4.0,109.0,9.0,8.0,3,5,4,2,3,4,2,2,2
EMP101686,Prasetyo Suharto,5.0,56,Middle,5.0,5.0,5.0,132.0,2.0,1.0,1,3,2,1,3,3,4,2,3
EMP101687,Rizka Wijaya Gunawan,3.0,68,Senior,3.0,2.0,2.0,109.0,1.0,1.0,5,5,4,2,2,2,3,6,1
EMP101688,Intan Santoso,1.0,67,Senior,1.0,1.0,1.0,121.0,7.0,3.0,1,5,5,3,3,4,3,4,1
EMP101689,Rendra Yudhistira Suharto,3.0,79,Senior,3.0,2.0,3.0,93.0,7.0,5.0,6,4,3,2,2,1,2,3,2
EMP101690,Utami Gunawan,3.0,27,Middle,3.0,4.0,3.0,95.0,1.0,9.0,4,2,3,1,1,4,1,2,2
EMP101691,Nabila Siregar,3.0,55,Middle,1.0,1.0,1.0,109.0,1.0,5.0,2,3,4,3,3,2,3,4,3
EMP101692,Cahyo Aji Sinaga,3.0,35,Middle,3.0,4.0,3.0,92.0,8.0,1.0,5,1,1,1,1,1,4,6,3
EMP101693,Hadi Kurniawan,4.0,59,Middle,4.0,4.0,5.0,140.0,7.0,7.0,1,4,5,1,2,1,4,5,4
EMP101694,Intan Kusuma Wijaya,3.0,41,Middle,3.0,3.0,3.0,104.0,4.0,6.0,6,4,3,3,2,3,1,5,3
EMP101695,Rama Nabila Ridwan,1.0,65,Senior,1.0,1.0,1.0,95.0,6.0,6.0,3,4,2,2,2,3,3,1,3
EMP101696,Budi Lestari,3.0,43,Middle,1.0,3.0,1.0,110.0,9.0,7.0,3,5,3,3,2,3,2,3,2
EMP101697,Nadia Pamungkas,2.0,52,Middle,2.0,1.0,3.0,97.0,1.0,2.0,2,2,1,3,3,3,2,6,4
EMP101698,Adit Yudhistira Pratama,1.0,56,Middle,1.0,3.0,1.0,109.0,1.0,9.0,4,1,1,3,2,2,1,6,4
EMP101699,Zaki Baskara Rahmawati,4.0,34,Middle,4.0,4.0,4.0,80.0,2.0,8.0,4,2,5,1,2,2,2,4,1
EMP101700,Nabila Indrawan,5.0,101,Senior,4.0,5.0,5.0,109.0,9.0,3.0,5,2,5,2,3,2,4,4,2
EMP101702,Fitri Mahardika Gunawan,3.0,23,Middle,3.0,3.0,3.0,108.0,2.0,5.0,1,1,1,3,3,3,2,5,3
EMP101703,Ayunda Hasibuan,3.0,1,Junior,3.0,3.0,3.0,112.0,2.0,6.0,4,1,5,3,3,3,1,2,1
EMP101705,Lestari Purnama,3.0,64,Senior,3.0,3.0,3.0,83.0,5.0,4.0,4,5,2,2,1,1,1,1,3
EMP101706,Lestari Utama Santoso,4.0,56,Middle,4.0,5.0,4.0,109.0,1.0,7.0,5,3,4,3,2,4,2,3,4
EMP101707,Hana Maulida,2.0,55,Middle,3.0,2.0,1.0,136.0,1.0,7.0,2,3,6,2,3,3,3,5,4
EMP101708,Rani Anugrah Maulana,4.0,6,Junior,4.0,3.0,4.0,106.0,2.0,1.0,5,5,1,1,2,4,1,4,2
EMP101709,Dinda Ginting,2.0,25,Middle,1.0,2.0,3.0,140.0,6.0,9.0,2,4,2,2,3,3,1,3,2
EMP101710,Arif Anggara,4.0,128,Senior,4.0,3.0,3.0,99.0,3.0,5.0,5,4,2,3,1,3,4,4,1
EMP101712,Luthfi Nugroho,5.0,42,Middle,5.0,5.0,5.0,138.0,6.0,4.0,2,1,1,3,1,2,3,1,3
EMP101713,Nabila Yudhistira Kusuma,4.0,69,Senior,3.0,5.0,4.0,94.0,9.0,4.0,4,2,5,1,1,2,4,2,3
EMP101714,Bella Setiawan,4.0,52,Middle,4.0,4.0,4.0,120.0,4.0,7.0,5,5,6,3,2,1,2,1,4
EMP101715,Ayunda Rahmawati,4.0,61,Senior,5.0,4.0,4.0,109.0,4.0,5.0,4,4,4,1,2,4,3,1,1
EMP101716,Kartika Handayani,4.0,126,Senior,4.0,5.0,4.0,137.0,3.0,8.0,1,3,5,3,1,1,2,3,2
EMP101717,Fitri Zulfikar,2.0,28,Middle,2.0,3.0,2.0,139.0,5.0,6.0,2,2,1,2,2,4,3,1,2
EMP101718,Intan Kurniawan,5.0,28,Middle,5.0,5.0,5.0,91.0,3.0,1.0,4,1,3,2,2,3,2,1,4
EMP101719,Hadi Yudhistira Yulianto,3.0,61,Senior,3.0,4.0,3.0,109.0,2.0,4.0,4,1,6,2,2,3,4,2,3
EMP101720,Teguh Dharma Wijaya,4.0,48,Middle,4.0,5.0,5.0,117.0,2.0,4.0,2,3,5,2,3,3,3,4,2
EMP101721,Julia Halim Suharto,3.0,35,Middle,4.0,3.0,3.0,113.0,3.0,9.0,6,2,3,1,2,1,1,6,1
EMP101722,Dian Indrawan,3.0,46,Middle,3.0,4.0,3.0,92.0,7.0,7.0,3,2,3,1,2,2,4,2,1
EMP101724,Dwi Tri Subekti,4.0,2,Junior,4.0,4.0,3.0,82.0,3.0,9.0,2,2,5,3,3,2,1,1,4
EMP101725,Bayu Ganesha Ananda,2.0,29,Middle,3.0,1.0,2.0,103.0,6.0,6.0,3,1,3,2,2,1,4,1,2
EMP101726,Dimas Anggara,4.0,80,Senior,5.0,4.0,4.0,120.0,6.0,7.0,4,3,3,1,1,1,2,5,3
EMP101727,Rendra Kusuma Subekti,4.0,26,Middle,5.0,4.0,5.0,109.0,4.0,2.0,4,4,4,3,1,1,2,2,1
EMP101729,Oktavia Wijaya,1.0,32,Middle,2.0,1.0,2.0,116.0,8.0,9.0,5,4,6,3,2,2,4,4,3
EMP101731,Fajar Rohman,3.0,85,Senior,4.0,3.0,4.0,123.0,8.0,5.0,3,5,2,1,3,2,4,6,1
EMP101732,Oka Siregar,3.0,47,Middle,3.0,4.0,4.0,89.0,4.0,8.0,5,5,5,2,2,4,3,4,2
EMP101733,Galih Yudhistira Situmorang,1.0,23,Middle,1.0,1.0,1.0,109.0,3.0,8.0,3,1,4,2,2,3,1,5,4
EMP101734,Utami Adi Setiawan,1.0,62,Senior,3.0,1.0,1.0,101.0,5.0,5.0,5,5,1,2,2,1,1,6,2
EMP101735,Citra Fadillah Saputra,4.0,66,Senior,4.0,3.0,3.0,109.0,7.0,5.0,6,4,4,2,3,2,1,4,2
EMP101736,Novi Lestari Pamungkas,1.0,73,Senior,1.0,2.0,2.0,109.0,7.0,6.0,4,4,6,3,2,4,1,1,2
EMP101737,Oktavia Halim Lestari,2.0,48,Middle,2.0,2.0,2.0,88.0,9.0,5.0,1,4,2,2,2,3,4,2,2
EMP101738,Anisa Kusuma Hidayat,3.0,61,Senior,3.0,3.0,2.0,109.0,6.0,3.0,2,5,2,2,1,3,3,4,3
EMP101739,Wulan Rahmawati,2.0,61,Senior,2.0,1.0,3.0,88.0,5.0,7.0,1,4,3,1,2,1,3,1,4
EMP101741,Satya Indrawan,3.0,113,Senior,3.0,3.0,3.0,109.0,1.0,1.0,4,5,5,3,2,2,2,4,2
EMP101742,Arif Ridwan,4.0,43,Middle,3.0,4.0,3.0,132.0,1.0,9.0,2,4,6,2,1,1,1,5,1
EMP101743,Iman Setiawan,2.0,12,Junior,3.0,3.0,2.0,93.0,2.0,6.0,2,5,1,1,2,3,2,3,3
EMP101744,Putri Saputra Saputra,4.0,48,Middle,4.0,4.0,3.0,115.0,2.0,3.0,2,2,6,1,1,3,3,1,3
EMP101745,Utami Pramudita Kurniawan,2.0,66,Senior,2.0,2.0,2.0,118.0,1.0,6.0,2,2,3,3,2,4,4,3,4
EMP101746,Rani Tri Kusuma,2.0,44,Middle,2.0,3.0,1.0,118.0,7.0,4.0,2,5,1,2,2,2,2,6,1
EMP101747,Bayu Erlangga Permadi,3.0,39,Middle,3.0,4.0,3.0,109.0,7.0,8.0,3,1,6,3,2,4,1,5,1
EMP101748,Wulan Rohman,4.0,58,Middle,4.0,4.0,4.0,133.0,1.0,6.0,3,5,1,1,1,4,4,3,1
EMP101749,Novi Adi Subekti,1.0,22,Middle,1.0,1.0,1.0,85.0,9.0,8.0,4,5,3,2,1,1,1,2,4
EMP101750,Oktavia Ridwan,3.0,86,Senior,3.0,3.0,3.0,109.0,3.0,5.0,4,1,4,2,2,1,3,2,4
EMP101751,Ayu Salsabila,3.0,43,Middle,3.0,4.0,3.0,109.0,6.0,2.0,4,2,6,2,2,4,2,1,2
EMP101752,Julia Dharma Situmorang,2.0,72,Senior,2.0,3.0,3.0,132.0,7.0,7.0,1,4,1,1,3,2,4,1,4
EMP101753,Adi Tamba,3.0,116,Senior,3.0,4.0,4.0,109.0,8.0,6.0,1,4,4,2,2,4,1,4,1
EMP101754,Luthfi Mahendra,4.0,39,Middle,3.0,3.0,5.0,114.0,3.0,7.0,5,1,5,3,3,1,3,2,2
EMP101755,Rafa Utami,2.0,10,Junior,2.0,2.0,3.0,110.0,2.0,1.0,2,2,5,3,2,1,1,5,3
EMP101757,Rifqi Mahendra,4.0,67,Senior,4.0,5.0,3.0,89.0,1.0,5.0,3,5,6,3,3,1,4,5,3
EMP101758,Indra Kusuma,2.0,40,Middle,3.0,1.0,2.0,106.0,2.0,9.0,2,2,1,2,2,1,4,5,3
EMP101759,Gita Mahardika Permadi,4.0,32,Middle,3.0,4.0,3.0,109.0,2.0,2.0,3,4,5,3,2,3,2,1,1
EMP101760,Budi Putra,2.0,40,Middle,2.0,3.0,1.0,95.0,9.0,5.0,4,2,2,3,1,3,3,4,2
EMP101762,Fajar Saputra,4.0,35,Middle,4.0,5.0,3.0,129.0,5.0,7.0,1,3,1,2,2,2,3,4,3
EMP101763,Dewi Tri Halim,4.0,43,Middle,4.0,4.0,4.0,92.0,7.0,1.0,5,2,1,3,3,1,1,1,2
EMP101764,Luthfi Jatmiko Firmansyah,5.0,20,Middle,5.0,4.0,5.0,133.0,7.0,9.0,3,3,6,1,1,2,3,3,3
EMP101766,Kartika Aji Pradana,3.0,41,Middle,4.0,3.0,3.0,88.0,8.0,4.0,5,4,3,2,2,4,1,3,2
EMP101767,Nadia Maulida,3.0,36,Middle,3.0,3.0,3.0,98.0,3.0,2.0,3,1,5,1,1,4,3,3,4
EMP101768,Satya Yudhistira Saputra,3.0,79,Senior,2.0,3.0,4.0,87.0,5.0,2.0,3,1,6,2,2,4,3,2,3
EMP101769,Ayunda Saputra Rohman,3.0,44,Middle,3.0,3.0,2.0,109.0,9.0,5.0,6,3,4,2,1,4,4,3,2
EMP101770,Zaki Qolbi Gunawan,2.0,19,Middle,1.0,3.0,2.0,109.0,2.0,1.0,3,3,4,3,1,3,2,6,1
EMP101771,Zahra Dharma Firmansyah,5.0,37,Middle,5.0,4.0,5.0,111.0,4.0,5.0,4,4,1,1,2,2,3,1,1
EMP101772,Tania Rachman Lestari,2.0,75,Senior,2.0,2.0,1.0,109.0,4.0,6.0,6,4,4,2,3,4,2,1,2
EMP101773,Lestari Lestari Salsabila,3.0,68,Senior,3.0,3.0,3.0,109.0,2.0,4.0,4,5,4,3,3,3,4,4,3
EMP101774,Arif Anugrah Putra,1.0,36,Middle,1.0,1.0,2.0,109.0,2.0,3.0,6,2,4,2,1,3,3,3,3
EMP101775,Dimas Ginting,3.0,102,Senior,3.0,3.0,3.0,89.0,1.0,1.0,6,2,5,1,1,1,1,5,1
EMP101776,Dwi Wijaya,1.0,86,Senior,1.0,1.0,1.0,109.0,9.0,6.0,1,4,1,2,2,1,3,3,2
EMP101777,Sari Lukman,2.0,14,Junior,2.0,2.0,1.0,109.0,5.0,9.0,5,3,4,1,1,2,2,4,1
EMP101778,Dian Wijaya Setiawan,3.0,58,Middle,2.0,3.0,3.0,96.0,3.0,6.0,4,5,1,3,3,1,1,2,4
EMP101779,Rifqi Kusuma Kusuma,3.0,8,Junior,3.0,3.0,3.0,121.0,2.0,6.0,4,1,6,3,2,1,1,6,4
EMP101780,Vania Utama Zulfikar,4.0,87,Senior,3.0,4.0,3.0,96.0,6.0,1.0,3,3,1,3,2,2,3,6,1
EMP101781,Bella Candra Zulfikar,5.0,62,Senior,5.0,5.0,5.0,127.0,6.0,7.0,3,5,6,3,3,3,2,6,2
EMP101782,Prasetyo Mahardika Herlambang,3.0,37,Middle,3.0,3.0,2.0,95.0,8.0,1.0,5,5,3,2,2,4,4,6,4
EMP101783,Nurlita Suharto,3.0,11,Junior,3.0,3.0,4.0,132.0,1.0,6.0,4,5,6,1,2,1,3,4,4
EMP101784,Dwi Indrawan,3.0,42,Middle,3.0,2.0,4.0,88.0,5.0,2.0,5,2,1,1,2,2,3,5,3
EMP101785,Wulan Qolbi Yulianto,1.0,51,Middle,1.0,1.0,1.0,120.0,2.0,1.0,6,3,5,2,2,3,1,3,3
EMP101786,Citra Mahardika Halim,4.0,48,Middle,4.0,3.0,4.0,109.0,8.0,1.0,2,3,5,1,3,4,1,2,2
EMP101787,Zaki Subekti,5.0,37,Middle,5.0,5.0,5.0,135.0,5.0,3.0,3,4,5,3,2,1,3,3,3
EMP101788,Valdo Qolbi Utami,4.0,56,Middle,4.0,4.0,4.0,120.0,5.0,6.0,1,1,3,2,3,4,2,1,2
EMP101789,Oktavia Siregar,3.0,42,Middle,2.0,3.0,4.0,127.0,8.0,9.0,3,2,3,2,2,1,3,5,4
EMP101790,Valdo Suharto,3.0,46,Middle,2.0,3.0,3.0,109.0,7.0,3.0,6,2,4,3,2,2,4,5,3
EMP101791,Luthfi Salsabila,4.0,24,Middle,4.0,4.0,4.0,97.0,6.0,3.0,5,1,6,1,3,3,1,6,2
EMP101792,Nadia Kusuma,5.0,77,Senior,5.0,5.0,4.0,140.0,7.0,5.0,3,2,3,2,3,4,2,4,3
EMP101793,Umar Nugroho,2.0,41,Middle,2.0,2.0,2.0,130.0,6.0,6.0,2,3,6,1,2,1,2,2,4
EMP101794,Nadia Tamba,4.0,45,Middle,5.0,5.0,4.0,138.0,4.0,9.0,1,4,5,1,1,2,1,4,1
EMP101795,Ayunda Tamba,4.0,64,Senior,3.0,4.0,4.0,109.0,2.0,9.0,2,2,4,2,3,3,1,1,4
EMP101796,Bayu Rahmawati,3.0,61,Senior,3.0,3.0,4.0,105.0,9.0,5.0,4,5,2,2,1,3,1,2,3
EMP101797,Rani Ananda,3.0,52,Middle,4.0,3.0,3.0,101.0,3.0,2.0,1,5,5,1,2,4,3,5,3
EMP101799,Rani Ganesha Rohman,4.0,116,Senior,3.0,3.0,4.0,109.0,8.0,3.0,6,1,4,1,1,1,1,5,2
EMP101800,Eko Fadillah Halim,2.0,42,Middle,3.0,1.0,2.0,116.0,1.0,3.0,4,2,3,2,1,1,1,1,1
EMP101801,Cahyo Wibowo,4.0,77,Senior,4.0,4.0,3.0,109.0,8.0,4.0,2,2,4,2,2,2,4,3,4
EMP101802,Tania Wijaya Lukman,5.0,39,Middle,4.0,5.0,5.0,98.0,3.0,5.0,4,1,1,1,1,4,1,1,1
EMP101803,Bella Rachman Hidayat,4.0,106,Senior,4.0,4.0,3.0,81.0,2.0,9.0,1,3,6,2,1,4,4,2,4
EMP101804,Nurlita Baskara Sinaga,4.0,40,Middle,3.0,4.0,4.0,107.0,7.0,1.0,4,4,3,2,2,4,2,6,4
EMP101805,Evi Putra,3.0,34,Middle,3.0,4.0,4.0,122.0,9.0,2.0,2,3,6,3,3,4,3,5,4
EMP101806,Indra Iqbal Lukman,4.0,33,Middle,5.0,4.0,5.0,123.0,1.0,3.0,4,4,2,2,3,3,4,1,4
EMP101807,Satya Fauziah,3.0,5,Junior,2.0,2.0,3.0,136.0,4.0,5.0,5,2,1,1,1,1,3,1,3
EMP101808,Dewi Rachman Simanjuntak,1.0,64,Senior,1.0,2.0,1.0,80.0,5.0,3.0,6,3,2,1,2,2,3,5,4
EMP101809,Dinda Suharto,5.0,17,Junior,4.0,5.0,5.0,108.0,5.0,3.0,4,3,6,1,3,1,4,2,2
EMP101810,Dwi Tri Hartanto,4.0,85,Senior,3.0,3.0,5.0,132.0,7.0,5.0,5,4,6,3,1,1,1,4,3
EMP101811,Adit Yudhistira Putra,4.0,8,Junior,4.0,4.0,4.0,109.0,2.0,2.0,4,5,5,1,3,1,2,6,2
EMP101812,Prasetyo Sinaga,4.0,38,Middle,4.0,4.0,4.0,106.0,3.0,5.0,3,1,3,3,1,1,4,6,1
EMP101813,Julia Fauziah,3.0,30,Middle,3.0,2.0,3.0,104.0,8.0,7.0,3,1,1,2,1,3,3,5,4
EMP101815,Valdo Setiawan,3.0,27,Middle,3.0,3.0,3.0,135.0,6.0,9.0,1,3,1,1,2,3,2,6,3
EMP101816,Rani Anugrah Zulfikar,2.0,62,Senior,3.0,2.0,3.0,89.0,6.0,3.0,1,1,5,3,1,4,4,1,2
EMP101817,Luthfi Pramudita Pradana,5.0,51,Middle,2.0,3.0,4.0,132.0,8.0,9.0,2,4,6,3,2,1,1,1,2
EMP101818,Oka Anugrah Kusuma,4.0,67,Senior,4.0,4.0,5.0,122.0,4.0,2.0,2,2,2,2,1,2,2,5,3
EMP101819,Tania Ananda,4.0,11,Junior,3.0,5.0,4.0,140.0,3.0,7.0,1,5,5,2,3,1,3,5,4
EMP101820,Dinda Zulfikar Rahmawati,3.0,46,Middle,3.0,3.0,2.0,113.0,3.0,8.0,5,4,2,1,2,3,3,6,1
EMP101821,Umar Halim,2.0,59,Middle,2.0,2.0,1.0,106.0,8.0,5.0,2,1,3,1,3,2,2,5,2
EMP101823,Prasetyo Jatmiko Rohman,3.0,56,Middle,3.0,4.0,3.0,86.0,9.0,2.0,5,2,1,1,3,4,1,4,4
EMP101825,Adit Iqbal Santoso,1.0,45,Middle,1.0,1.0,1.0,109.0,6.0,3.0,5,3,4,3,3,1,4,1,2
EMP101826,Yuni Situmorang,2.0,47,Middle,2.0,2.0,3.0,91.0,8.0,9.0,5,5,2,2,1,1,4,2,2
EMP101827,Fajar Candra Zulfikar,2.0,55,Middle,3.0,2.0,2.0,81.0,8.0,5.0,1,2,1,2,3,4,2,1,1
EMP101828,Eko Halim,5.0,80,Senior,5.0,5.0,4.0,109.0,5.0,3.0,5,5,4,2,3,4,1,3,1
EMP101829,Umar Ganesha Maulida,4.0,51,Middle,4.0,4.0,4.0,89.0,5.0,7.0,1,3,3,3,3,2,1,2,2
EMP101830,Umar Setiawan,3.0,76,Senior,3.0,2.0,3.0,80.0,8.0,2.0,5,5,2,3,2,3,2,5,3
EMP101831,Cahyo Wijaya Lukman,2.0,100,Senior,2.0,3.0,1.0,107.0,3.0,4.0,5,1,2,1,1,1,4,3,1
EMP101832,Eko Putra,3.0,72,Senior,3.0,4.0,3.0,123.0,5.0,7.0,1,4,6,2,2,3,3,1,4
EMP101833,Zaki Lukman,4.0,69,Senior,4.0,3.0,4.0,140.0,1.0,5.0,2,2,5,3,2,2,4,6,4
EMP101834,Fitri Subekti,1.0,28,Middle,1.0,1.0,2.0,85.0,5.0,5.0,6,3,1,1,1,4,2,4,4
EMP101835,Yoga Kusuma,3.0,55,Middle,3.0,3.0,2.0,121.0,3.0,5.0,6,5,6,3,3,2,1,3,1
EMP101836,Luthfi Ramadhan,4.0,56,Middle,4.0,4.0,4.0,106.0,5.0,8.0,6,4,6,3,3,4,2,5,1
EMP101837,Zahra Iqbal Pradana,3.0,37,Middle,3.0,3.0,3.0,137.0,8.0,5.0,1,3,2,2,1,1,3,2,4
EMP101838,Intan Aji Simanjuntak,4.0,55,Middle,4.0,3.0,4.0,109.0,3.0,8.0,4,5,4,3,3,3,3,2,1
EMP101839,Rendra Mahendra,2.0,53,Middle,2.0,1.0,2.0,117.0,7.0,6.0,3,4,2,2,2,2,4,2,4
EMP101840,Rizka Erlangga Ananda,2.0,105,Senior,2.0,2.0,3.0,123.0,4.0,3.0,5,4,6,1,1,4,3,3,4
EMP101842,Luthfi Baskara Saputra,2.0,6,Junior,3.0,1.0,1.0,109.0,6.0,7.0,3,4,4,2,2,2,3,3,2
EMP101843,Ayunda Halim,3.0,49,Middle,2.0,3.0,4.0,97.0,8.0,9.0,2,5,1,3,1,3,3,3,3
EMP101844,Dimas Wijaya,2.0,63,Senior,2.0,1.0,2.0,109.0,5.0,3.0,1,1,2,3,3,3,2,1,4
EMP101846,Arif Suharto,4.0,53,Middle,5.0,3.0,4.0,88.0,6.0,1.0,4,3,3,3,1,1,1,3,2
EMP101847,Sari Utama Maulida,3.0,39,Middle,3.0,4.0,4.0,109.0,9.0,1.0,1,1,4,1,2,1,2,5,1
EMP101848,Yuni Pamungkas,5.0,0,Junior,4.0,3.0,5.0,138.0,1.0,8.0,6,2,3,2,2,1,3,6,2
EMP101849,Teguh Tri Pratama,3.0,83,Senior,3.0,3.0,3.0,95.0,9.0,4.0,3,2,3,2,2,1,2,2,3
EMP101850,Kartika Saputra Kusuma,3.0,34,Middle,3.0,3.0,2.0,123.0,1.0,5.0,5,3,1,3,3,3,1,5,2
EMP101851,Yuni Aji Purnama,2.0,38,Middle,2.0,2.0,2.0,109.0,3.0,2.0,5,3,5,2,2,4,2,5,4
EMP101852,Nugroho Dharma Mahendra,1.0,13,Junior,1.0,1.0,1.0,135.0,1.0,8.0,4,2,1,1,2,4,2,2,2
EMP101853,Kurnia Suharto,5.0,56,Middle,5.0,5.0,5.0,109.0,9.0,5.0,1,3,4,2,3,1,2,6,2
EMP101854,Joko Mahendra,4.0,40,Middle,4.0,4.0,4.0,93.0,3.0,1.0,1,5,6,3,1,4,2,6,4
EMP101855,Rizki Pratama,3.0,71,Senior,3.0,3.0,3.0,116.0,2.0,1.0,2,5,6,1,3,3,1,5,4
EMP101856,Hadi Jatmiko Subekti,4.0,33,Middle,4.0,3.0,3.0,124.0,9.0,7.0,5,1,1,2,2,2,2,2,4
EMP101857,Andi Hartanto,4.0,92,Senior,4.0,4.0,5.0,88.0,1.0,8.0,4,2,1,3,3,2,1,1,3
EMP101858,Intan Candra Siregar,5.0,5,Junior,5.0,5.0,5.0,127.0,4.0,6.0,6,4,2,1,3,4,1,3,4
EMP101859,Ayunda Lestari Ridwan,2.0,56,Middle,3.0,3.0,3.0,96.0,1.0,2.0,6,3,1,3,1,4,1,1,3
EMP101860,Putri Pamungkas,3.0,16,Junior,3.0,4.0,4.0,139.0,6.0,7.0,1,1,1,2,1,4,2,4,3
EMP101861,Fajar Saputra Kurniawan,2.0,12,Junior,1.0,2.0,2.0,88.0,2.0,4.0,5,3,5,2,3,1,2,3,3
EMP101862,Rendra Sinaga,5.0,31,Middle,5.0,5.0,5.0,109.0,5.0,7.0,2,1,5,3,2,1,3,1,4
EMP101863,Wahyu Lestari,1.0,29,Middle,3.0,1.0,1.0,124.0,2.0,9.0,4,2,2,3,1,4,3,3,2
EMP101864,Putri Utama Siregar,4.0,59,Middle,3.0,4.0,4.0,106.0,4.0,6.0,5,1,1,1,1,2,2,6,1
EMP101865,Anisa Qolbi Setiawan,3.0,27,Middle,3.0,3.0,3.0,103.0,8.0,5.0,2,5,2,2,2,3,4,5,3
EMP101866,Julia Tri Wibowo,3.0,28,Middle,3.0,3.0,3.0,99.0,2.0,1.0,1,2,5,2,2,4,2,1,3
EMP101868,Dinda Hidayat,3.0,45,Middle,3.0,3.0,3.0,100.0,3.0,8.0,1,4,5,2,1,3,4,6,4
EMP101869,Mahendra Nugroho,4.0,4,Junior,4.0,4.0,3.0,113.0,5.0,5.0,3,1,3,3,1,3,3,6,3
EMP101870,Ayu Wijaya Putra,3.0,53,Middle,4.0,3.0,3.0,109.0,8.0,3.0,6,5,2,2,1,3,3,5,3
EMP101871,Zaki Tamba,3.0,78,Senior,2.0,4.0,3.0,98.0,5.0,3.0,5,4,1,3,2,1,2,5,3
EMP101872,Ahmad Erlangga Maulida,1.0,71,Senior,1.0,3.0,1.0,87.0,2.0,7.0,2,5,2,3,3,4,3,6,1
EMP101874,Nadia Siregar,4.0,61,Senior,3.0,4.0,4.0,109.0,4.0,6.0,5,1,4,1,1,3,2,4,3
EMP101875,Rendra Santoso,3.0,75,Senior,3.0,3.0,3.0,98.0,6.0,5.0,5,2,2,3,2,2,3,1,2
EMP101876,Tania Saputra,3.0,32,Middle,3.0,3.0,2.0,95.0,1.0,5.0,5,5,5,3,3,4,1,3,1
EMP101878,Teguh Herlambang,5.0,12,Junior,5.0,5.0,5.0,85.0,2.0,4.0,3,2,5,1,2,1,4,1,4
EMP101879,Rani Handayani,4.0,26,Middle,4.0,4.0,4.0,89.0,3.0,4.0,5,2,5,2,3,2,1,6,3
EMP101880,Nadia Nabila Pradana,2.0,29,Middle,2.0,1.0,2.0,115.0,4.0,5.0,4,2,5,3,3,2,4,3,4
EMP101881,Dewi Dharma Ramadhan,4.0,45,Middle,3.0,5.0,3.0,117.0,3.0,7.0,1,4,2,2,3,2,2,6,1
EMP101882,Vania Rachman Anggara,3.0,48,Middle,3.0,3.0,4.0,133.0,3.0,9.0,1,5,5,1,1,2,2,4,2
EMP101883,Rama Baskara Ramadhan,2.0,42,Middle,1.0,3.0,1.0,115.0,7.0,5.0,1,2,1,3,1,3,1,6,2
EMP101884,Novi Anugrah Nugroho,3.0,75,Senior,3.0,3.0,4.0,109.0,8.0,9.0,1,2,4,2,2,1,1,6,1
EMP101885,Gita Utami,2.0,111,Senior,2.0,3.0,1.0,92.0,6.0,7.0,3,1,5,3,2,2,3,4,3
EMP101886,Joko Saputra Salsabila,3.0,23,Middle,3.0,2.0,2.0,109.0,8.0,5.0,5,5,4,3,1,1,4,5,4
EMP101887,Bella Nabila Utami,4.0,90,Senior,3.0,4.0,4.0,88.0,4.0,3.0,1,2,5,3,2,3,1,1,1
EMP101888,Citra Mahendra,2.0,84,Senior,2.0,2.0,2.0,109.0,5.0,2.0,4,3,4,1,3,4,2,5,2
EMP101889,Julia Kusuma,1.0,20,Middle,1.0,2.0,1.0,120.0,1.0,4.0,3,4,6,1,3,1,1,5,3
EMP101890,Prasetyo Qolbi Maulida,5.0,58,Middle,5.0,4.0,5.0,109.0,5.0,1.0,1,4,4,2,3,3,1,4,2
EMP101891,Budi Nugroho,5.0,15,Junior,3.0,3.0,3.0,86.0,2.0,8.0,5,5,2,1,2,2,4,5,3
EMP101892,Evi Pratama,2.0,79,Senior,2.0,1.0,3.0,105.0,7.0,2.0,1,3,1,3,3,4,4,1,4
EMP101893,Julia Situmorang,1.0,35,Middle,1.0,1.0,1.0,109.0,1.0,2.0,4,5,4,3,3,1,3,4,3
EMP101895,Yuni Saputra Wibowo,4.0,86,Senior,4.0,4.0,4.0,97.0,5.0,1.0,3,5,6,3,3,3,1,5,4
EMP101896,Bayu Lestari Subekti,4.0,20,Middle,3.0,4.0,4.0,109.0,5.0,2.0,5,2,4,3,2,3,4,1,2
EMP101897,Vania Utama Lestari,2.0,62,Senior,3.0,2.0,3.0,109.0,4.0,4.0,3,4,2,1,3,3,1,6,1
EMP101898,Joko Candra Purnama,2.0,52,Middle,1.0,1.0,3.0,109.0,2.0,9.0,2,1,4,1,2,2,4,4,1
EMP101899,Hana Aji Maulana,4.0,54,Middle,4.0,3.0,3.0,103.0,5.0,7.0,3,4,6,3,2,1,2,4,4
EMP101900,Bella Lestari Simanjuntak,1.0,39,Middle,3.0,1.0,1.0,111.0,9.0,5.0,6,2,6,2,3,3,3,2,1
EMP101901,Julia Putra,2.0,77,Senior,3.0,2.0,2.0,94.0,5.0,6.0,3,5,5,1,2,3,2,5,1
EMP101902,Citra Anugrah Purnama,2.0,54,Middle,2.0,1.0,3.0,115.0,3.0,5.0,6,5,6,3,3,4,2,5,2
EMP101903,Kartika Fadillah Yulianto,4.0,28,Middle,4.0,3.0,3.0,109.0,1.0,2.0,3,1,4,3,2,1,3,5,3
EMP101904,Eko Subekti,2.0,52,Middle,2.0,3.0,1.0,109.0,7.0,9.0,4,1,4,3,2,3,4,4,3
EMP101905,Wulan Utama Wibowo,4.0,61,Senior,4.0,4.0,4.0,100.0,3.0,5.0,6,5,3,2,2,1,1,4,1
EMP101906,Arif Saputra,4.0,108,Senior,3.0,3.0,4.0,109.0,6.0,2.0,2,2,4,1,1,3,2,5,1
EMP101907,Fitri Fauziah,4.0,36,Middle,4.0,3.0,4.0,109.0,5.0,7.0,3,1,4,2,3,2,3,4,2
EMP101908,Adi Candra Indrawan,4.0,66,Senior,0.0,5.0,4.0,117.0,3.0,5.0,4,3,2,2,2,3,1,6,2
EMP101909,Kurnia Kusuma,3.0,59,Middle,4.0,2.0,3.0,104.0,2.0,2.0,3,5,5,3,2,4,1,5,4
EMP101910,Fitri Saputra Firmansyah,1.0,36,Middle,1.0,2.0,1.0,109.0,4.0,9.0,6,4,4,3,1,3,1,3,3
EMP101911,Lestari Ganesha Zulfikar,4.0,68,Senior,4.0,5.0,4.0,96.0,4.0,1.0,1,2,5,2,2,3,2,2,4
EMP101912,Umar Ramadhan,4.0,40,Middle,4.0,4.0,5.0,109.0,7.0,3.0,4,1,4,3,1,4,4,5,2
EMP101913,Anisa Baskara Maulida,2.0,25,Middle,2.0,1.0,2.0,91.0,8.0,8.0,6,4,6,3,2,3,1,3,2
EMP101914,Wulan Ramadhan,1.0,31,Middle,1.0,2.0,1.0,109.0,4.0,4.0,2,1,3,3,1,2,4,1,2
EMP101915,Dewi Candra Lukman,4.0,62,Senior,4.0,5.0,5.0,116.0,1.0,4.0,2,4,1,3,3,3,4,3,4
EMP101916,Adit Zulfikar Siregar,3.0,91,Senior,4.0,2.0,2.0,139.0,9.0,4.0,3,3,1,2,1,4,2,1,4
EMP101917,Bella Ginting,2.0,82,Senior,3.0,1.0,2.0,100.0,8.0,7.0,4,4,3,3,2,3,3,3,2
EMP101918,Nabila Yudhistira Pradana,4.0,66,Senior,3.0,3.0,4.0,110.0,7.0,2.0,5,5,2,3,2,4,1,1,3
EMP101919,Wulan Rachman Ginting,2.0,58,Middle,2.0,2.0,3.0,137.0,7.0,2.0,4,1,5,1,3,1,1,2,2
EMP101921,Dian Adi Tamba,1.0,13,Junior,1.0,1.0,2.0,128.0,8.0,4.0,6,1,5,2,2,4,2,3,4
EMP101922,Bayu Mahardika Handayani,2.0,71,Senior,2.0,3.0,2.0,96.0,3.0,5.0,2,2,2,2,3,2,1,5,2
EMP101923,Vania Fadillah Mahendra,4.0,14,Junior,5.0,3.0,3.0,123.0,5.0,4.0,4,5,2,3,3,3,2,2,2
EMP101924,Dian Anggara,4.0,52,Middle,4.0,4.0,4.0,130.0,8.0,2.0,2,3,5,1,1,2,3,4,4
EMP101925,Rizka Iqbal Nugroho,3.0,3,Junior,3.0,2.0,3.0,89.0,3.0,5.0,1,4,3,1,2,1,3,4,4
EMP101926,Zahra Maulida,3.0,47,Middle,3.0,3.0,3.0,84.0,7.0,4.0,5,3,5,1,3,3,2,4,4
EMP101927,Eko Ganesha Handayani,4.0,102,Senior,3.0,4.0,5.0,109.0,5.0,5.0,4,5,5,1,1,2,2,2,2
EMP101928,Mahendra Pratomo,1.0,3,Junior,3.0,1.0,1.0,99.0,4.0,5.0,5,1,5,3,3,3,2,6,4
EMP101929,Ayunda Pratomo,3.0,53,Middle,3.0,2.0,2.0,89.0,8.0,2.0,5,5,5,3,2,3,4,2,4
EMP101930,Budi Ramadhan,3.0,47,Middle,3.0,4.0,2.0,109.0,1.0,2.0,5,4,4,2,1,3,3,2,3
EMP101931,Ayu Sinaga,5.0,34,Middle,2.0,3.0,2.0,109.0,7.0,5.0,4,3,3,1,2,2,4,2,3
EMP101932,Wahyu Saputra Fauziah,3.0,84,Senior,2.0,2.0,3.0,109.0,6.0,3.0,5,5,4,1,3,3,3,2,3
EMP101933,Dwi Lestari Lestari,3.0,50,Middle,2.0,4.0,4.0,136.0,1.0,5.0,5,2,1,1,2,1,4,5,1
EMP101934,Yoga Halim Syahputra,4.0,63,Senior,4.0,5.0,4.0,118.0,6.0,2.0,4,5,5,1,1,2,2,3,4
EMP101935,Hadi Maulida,4.0,83,Senior,3.0,4.0,3.0,84.0,6.0,5.0,5,5,1,2,1,4,1,2,4
EMP101936,Dwi Syahputra,4.0,5,Junior,3.0,4.0,5.0,100.0,9.0,4.0,2,5,3,2,2,1,2,4,2
EMP101937,Joko Anugrah Suharto,3.0,84,Senior,4.0,2.0,2.0,99.0,2.0,4.0,5,4,1,2,3,4,2,4,1
EMP101938,Oka Halim Purnama,4.0,66,Senior,3.0,3.0,5.0,81.0,1.0,3.0,1,5,2,2,2,4,1,1,3
EMP101940,Rani Sinaga,2.0,109,Senior,1.0,2.0,2.0,109.0,9.0,4.0,3,5,4,3,3,3,3,4,1
EMP101941,Hana Halim Wijaya,3.0,5,Junior,3.0,3.0,3.0,103.0,5.0,8.0,2,5,1,2,2,1,4,2,3
EMP101942,Evi Rachman Pamungkas,2.0,42,Middle,2.0,2.0,2.0,125.0,6.0,8.0,6,1,3,2,1,2,2,1,2
EMP101943,Rama Rachman Ginting,3.0,71,Senior,3.0,3.0,3.0,109.0,1.0,2.0,4,5,4,1,3,3,3,4,3
EMP101945,Mahendra Wibowo,3.0,96,Senior,4.0,3.0,3.0,128.0,9.0,3.0,6,4,2,3,3,4,3,3,1
EMP101946,Putri Maulida,3.0,61,Senior,3.0,3.0,3.0,109.0,6.0,7.0,5,3,4,2,3,1,3,6,2
EMP101947,Gita Lukman,1.0,58,Middle,2.0,1.0,1.0,122.0,4.0,5.0,4,3,2,3,1,3,4,1,4
EMP101948,Utami Lestari Indrawan,3.0,36,Middle,3.0,3.0,3.0,108.0,2.0,2.0,5,1,6,1,2,2,4,3,2
EMP101949,Nugroho Dharma Indrawan,3.0,47,Middle,3.0,3.0,3.0,86.0,7.0,2.0,6,2,5,3,3,2,2,1,4
EMP101950,Teguh Rachman Salsabila,4.0,49,Middle,4.0,3.0,4.0,84.0,2.0,5.0,3,1,3,3,2,3,2,4,1
EMP101952,Bayu Setiawan,3.0,70,Senior,3.0,4.0,3.0,116.0,5.0,9.0,2,5,3,3,2,1,1,2,3
EMP101953,Wulan Wijaya Ginting,2.0,11,Junior,1.0,2.0,3.0,128.0,1.0,7.0,6,5,6,3,2,2,3,3,4
EMP101954,Rizki Indrawan,3.0,37,Middle,4.0,3.0,3.0,108.0,7.0,2.0,6,1,3,3,2,3,2,6,4
EMP101955,Budi Salsabila,3.0,57,Middle,2.0,3.0,3.0,113.0,7.0,6.0,2,2,2,1,1,2,3,5,2
EMP101956,Julia Ridwan,3.0,35,Middle,3.0,4.0,4.0,121.0,9.0,1.0,5,4,6,2,1,4,2,5,2
EMP101957,Hadi Jatmiko Zulfikar,4.0,74,Senior,4.0,4.0,3.0,139.0,3.0,1.0,6,4,5,2,3,2,3,5,2
EMP101958,Hadi Utama Hidayat,2.0,31,Middle,2.0,2.0,2.0,109.0,2.0,5.0,3,2,2,1,1,4,4,4,4
EMP101961,Indra Kusuma Purnama,4.0,55,Middle,5.0,3.0,4.0,95.0,8.0,3.0,6,1,2,3,1,1,3,5,3
EMP101962,Rani Yudhistira Anggara,2.0,61,Senior,3.0,3.0,2.0,99.0,6.0,2.0,2,3,3,2,2,1,4,4,3
EMP101963,Zahra Mahendra,5.0,52,Middle,5.0,5.0,5.0,105.0,4.0,1.0,1,3,2,1,3,4,4,5,1
EMP101964,Joko Handayani,2.0,58,Middle,3.0,2.0,2.0,118.0,5.0,6.0,1,3,6,1,2,4,3,6,2
EMP101966,Dewi Wijaya,2.0,88,Senior,2.0,3.0,3.0,115.0,2.0,1.0,1,5,3,2,3,2,4,1,4
EMP101967,Tania Halim Zulfikar,1.0,26,Middle,1.0,1.0,1.0,109.0,2.0,4.0,1,5,4,1,1,3,2,4,4
EMP101968,Lestari Siregar,1.0,24,Middle,1.0,1.0,1.0,98.0,3.0,2.0,5,4,1,1,1,3,2,6,3
EMP101970,Rizky Hidayat,5.0,87,Senior,3.0,2.0,4.0,90.0,8.0,7.0,2,4,1,2,2,2,2,6,4
EMP101971,Utami Hasibuan,4.0,48,Middle,5.0,3.0,5.0,97.0,5.0,8.0,2,5,5,1,2,4,1,5,3
EMP101972,Evi Wijaya,2.0,38,Middle,3.0,2.0,2.0,120.0,1.0,3.0,6,1,5,1,2,2,2,3,4
EMP101973,Putri Siregar,5.0,29,Middle,5.0,5.0,4.0,109.0,5.0,7.0,2,3,1,3,3,1,3,6,1
EMP101974,Yoga Dharma Salsabila,5.0,40,Middle,3.0,5.0,5.0,109.0,1.0,5.0,2,3,4,2,2,2,2,3,4
EMP101975,Fajar Nugroho,4.0,67,Senior,5.0,3.0,5.0,106.0,2.0,4.0,5,5,1,2,3,2,4,1,1
EMP101976,Prasetyo Utami,3.0,118,Senior,3.0,3.0,3.0,109.0,5.0,5.0,4,2,4,1,3,2,3,6,2
EMP101977,Teguh Zulfikar,4.0,50,Middle,5.0,3.0,3.0,135.0,9.0,1.0,6,1,3,3,3,1,2,6,1
EMP101978,Yuni Erlangga Pratama,2.0,9,Junior,2.0,2.0,1.0,139.0,8.0,2.0,2,5,2,3,1,3,3,4,3
EMP101979,Prasetyo Pramudita Saputra,4.0,37,Middle,4.0,4.0,4.0,98.0,4.0,3.0,5,3,3,3,1,3,3,5,4
EMP101981,Novi Aji Suharto,4.0,89,Senior,4.0,4.0,4.0,109.0,5.0,7.0,6,3,4,1,1,3,4,4,2
EMP101982,Joko Santoso,3.0,53,Middle,2.0,3.0,3.0,108.0,4.0,2.0,6,3,6,1,3,3,4,3,2
EMP101984,Putri Utami,3.0,57,Middle,3.0,3.0,3.0,125.0,9.0,4.0,2,2,6,3,3,3,4,4,2
EMP101985,Dwi Kusuma,2.0,31,Middle,3.0,1.0,3.0,98.0,7.0,2.0,2,5,6,1,1,2,4,5,4
EMP101986,Wahyu Pratomo,5.0,7,Junior,5.0,5.0,5.0,131.0,9.0,9.0,3,1,3,3,1,2,2,4,3
EMP101987,Ahmad Herlambang,3.0,77,Senior,2.0,4.0,4.0,119.0,3.0,5.0,6,4,3,1,3,4,3,2,4
EMP101988,Wulan Tri Pratama,3.0,33,Middle,3.0,3.0,3.0,109.0,2.0,4.0,3,5,5,3,3,2,3,3,2
EMP101989,Gita Tri Gunawan,3.0,27,Middle,3.0,3.0,3.0,91.0,8.0,6.0,4,1,5,1,1,4,2,1,1
EMP101990,Adi Subekti,2.0,53,Middle,3.0,1.0,2.0,109.0,9.0,7.0,3,2,4,2,2,2,3,3,3
EMP101991,Dian Erlangga Yulianto,4.0,37,Middle,4.0,4.0,4.0,132.0,5.0,6.0,6,1,5,3,2,3,1,1,1
EMP101993,Rani Utama Simanjuntak,3.0,24,Middle,3.0,3.0,4.0,135.0,9.0,1.0,6,4,3,2,1,2,2,6,4
EMP101994,Rani Indrawan,2.0,14,Junior,2.0,3.0,1.0,90.0,2.0,9.0,6,5,2,1,2,4,1,4,4
EMP101995,Utami Kusuma Hidayat,3.0,50,Middle,4.0,2.0,4.0,134.0,4.0,5.0,5,2,2,1,2,4,3,3,4
EMP101996,Adit Maulana,3.0,53,Middle,4.0,2.0,3.0,109.0,8.0,1.0,2,1,5,2,3,4,2,1,2
EMP101997,Satya Halim Putra,3.0,16,Junior,3.0,2.0,3.0,109.0,5.0,5.0,1,3,4,3,2,1,4,4,3
EMP101998,Kurnia Subekti,2.0,64,Senior,3.0,3.0,2.0,109.0,5.0,1.0,5,5,5,3,1,3,1,1,3
EMP101999,Adit Mahendra,4.0,58,Middle,3.0,5.0,4.0,90.0,2.0,8.0,2,5,6,3,1,1,2,1,4
DUP9015,Umar Maulana,3.0,50,Middle,4.0,2.0,4.0,134.0,4.0,5.0,5,2,2,1,2,4,3,3,4
DUP5237,Fajar Fauziah,3.0,8,Junior,3.0,3.0,3.0,121.0,2.0,6.0,4,1,6,3,2,1,1,6,4
DUP2722,Dewi Syahputra,4.0,33,Middle,4.0,3.0,3.0,124.0,9.0,7.0,5,1,1,2,2,2,2,2,4
DUP3015,Bayu Kurniawan,3.0,79,Senior,3.0,2.0,3.0,87.0,8.0,5.0,1,5,3,3,1,2,4,1,4
DUP1942,Dewi Fadillah Hidayat,5.0,79,Senior,5.0,4.0,5.0,109.0,4.0,9.0,1,1,4,1,2,4,2,2,4
DUP2096,Putri Wibowo,3.0,49,Middle,3.0,3.0,2.0,109.0,2.0,2.0,4,2,4,2,1,3,3,4,3
DUP4177,Adi Ginting,2.0,75,Senior,2.0,2.0,1.0,109.0,4.0,6.0,6,4,4,2,3,4,2,1,2
DUP9801,Ayu Kusuma Santoso,5.0,7,Junior,5.0,5.0,5.0,131.0,9.0,9.0,3,1,3,3,1,2,2,4,3
DUP3452,Fitri Anugrah Subekti,3.0,50,Middle,4.0,3.0,4.0,90.0,5.0,5.0,3,5,3,3,3,1,1,5,4
